-- Valentina Studio --
-- MySQL dump --
-- ---------------------------------------------------------


/*!40101 SET @OLD_CHARACTER_SET_CLIENT=@@CHARACTER_SET_CLIENT */;
/*!40101 SET @OLD_CHARACTER_SET_RESULTS=@@CHARACTER_SET_RESULTS */;
/*!40101 SET @OLD_COLLATION_CONNECTION=@@COLLATION_CONNECTION */;
/*!40014 SET @OLD_FOREIGN_KEY_CHECKS=@@FOREIGN_KEY_CHECKS, FOREIGN_KEY_CHECKS=0 */;
/*!40101 SET @OLD_SQL_MODE=@@SQL_MODE, SQL_MODE='NO_AUTO_VALUE_ON_ZERO' */;
-- ---------------------------------------------------------


-- DROP TABLE "ciudades" ---------------------------------------
DROP TABLE IF EXISTS `ciudades` CASCADE;
-- -------------------------------------------------------------


-- CREATE TABLE "ciudades" -------------------------------------
CREATE TABLE `ciudades` ( 
	`id_ciudad` Int( 11 ) AUTO_INCREMENT NOT NULL,
	`id_estado` Int( 11 ) NOT NULL,
	`ciudad` VarChar( 200 ) CHARACTER SET utf8 COLLATE utf8_general_ci NOT NULL,
	`capital` TinyInt( 1 ) NOT NULL DEFAULT 0,
	PRIMARY KEY ( `id_ciudad` ) )
CHARACTER SET = utf8
COLLATE = utf8_general_ci
ENGINE = InnoDB
AUTO_INCREMENT = 523;
-- -------------------------------------------------------------


-- DROP TABLE "dataclap" ---------------------------------------
DROP TABLE IF EXISTS `dataclap` CASCADE;
-- -------------------------------------------------------------


-- CREATE TABLE "dataclap" -------------------------------------
CREATE TABLE `dataclap` ( 
	`id` Int( 10 ) AUTO_INCREMENT NOT NULL,
	`id_viejo` VarChar( 10 ) CHARACTER SET utf8 COLLATE utf8_general_ci NOT NULL,
	`nro_casa` VarChar( 8 ) CHARACTER SET utf8 COLLATE utf8_general_ci NOT NULL,
	`cedula` VarChar( 10 ) CHARACTER SET utf8 COLLATE utf8_general_ci NULL,
	`apellidos` VarChar( 35 ) CHARACTER SET utf8 COLLATE utf8_general_ci NOT NULL,
	`nombres` VarChar( 35 ) CHARACTER SET utf8 COLLATE utf8_general_ci NOT NULL,
	`fecha_nac` Date NOT NULL,
	`sexo` VarChar( 10 ) CHARACTER SET utf8 COLLATE utf8_general_ci NOT NULL,
	`telefono` VarChar( 14 ) CHARACTER SET utf8 COLLATE utf8_general_ci NOT NULL,
	`celular` VarChar( 14 ) CHARACTER SET utf8 COLLATE utf8_general_ci NOT NULL,
	`caja_clap` VarChar( 2 ) CHARACTER SET utf8 COLLATE utf8_general_ci NOT NULL,
	`observacion` VarChar( 180 ) CHARACTER SET utf8 COLLATE utf8_general_ci NOT NULL,
	`parentesco` VarChar( 12 ) CHARACTER SET utf8 COLLATE utf8_general_ci NOT NULL,
	CONSTRAINT `cedula` UNIQUE( `cedula` ),
	CONSTRAINT `id` UNIQUE( `id` ) )
CHARACTER SET = utf8
COLLATE = utf8_general_ci
ENGINE = InnoDB
AUTO_INCREMENT = 216;
-- -------------------------------------------------------------


-- DROP TABLE "datanueva" --------------------------------------
DROP TABLE IF EXISTS `datanueva` CASCADE;
-- -------------------------------------------------------------


-- CREATE TABLE "datanueva" ------------------------------------
CREATE TABLE `datanueva` ( 
	`id` Int( 10 ) AUTO_INCREMENT NOT NULL,
	`nro_casa` VarChar( 8 ) CHARACTER SET utf8 COLLATE utf8_general_ci NULL,
	`cedula` VarChar( 10 ) CHARACTER SET utf8 COLLATE utf8_general_ci NULL,
	`apellidos` VarChar( 35 ) CHARACTER SET utf8 COLLATE utf8_general_ci NULL,
	`nombres` VarChar( 35 ) CHARACTER SET utf8 COLLATE utf8_general_ci NULL,
	`fecha_nac` Date NULL,
	`sexo` VarChar( 10 ) CHARACTER SET utf8 COLLATE utf8_general_ci NULL,
	`telefono` VarChar( 14 ) CHARACTER SET utf8 COLLATE utf8_general_ci NOT NULL,
	`celular` VarChar( 14 ) CHARACTER SET utf8 COLLATE utf8_general_ci NOT NULL,
	`caja_clap` VarChar( 2 ) CHARACTER SET utf8 COLLATE utf8_general_ci NOT NULL,
	`observacion` VarChar( 180 ) CHARACTER SET utf8 COLLATE utf8_general_ci NOT NULL,
	CONSTRAINT `id` UNIQUE( `id` ) )
CHARACTER SET = utf8
COLLATE = utf8_spanish_ci
ENGINE = InnoDB
AUTO_INCREMENT = 73;
-- -------------------------------------------------------------


-- DROP TABLE "datavieja" --------------------------------------
DROP TABLE IF EXISTS `datavieja` CASCADE;
-- -------------------------------------------------------------


-- CREATE TABLE "datavieja" ------------------------------------
CREATE TABLE `datavieja` ( 
	`id` Int( 10 ) AUTO_INCREMENT NOT NULL,
	`nro_casa` VarChar( 8 ) CHARACTER SET utf8 COLLATE utf8_general_ci NULL,
	`cedula` VarChar( 10 ) CHARACTER SET utf8 COLLATE utf8_general_ci NULL,
	`apellidos` VarChar( 35 ) CHARACTER SET utf8 COLLATE utf8_general_ci NULL,
	`nombres` VarChar( 35 ) CHARACTER SET utf8 COLLATE utf8_general_ci NULL,
	`fecha_nac` Date NULL,
	`sexo` VarChar( 10 ) CHARACTER SET utf8 COLLATE utf8_general_ci NULL,
	`telefono` VarChar( 14 ) CHARACTER SET utf8 COLLATE utf8_general_ci NOT NULL,
	`celular` VarChar( 14 ) CHARACTER SET utf8 COLLATE utf8_general_ci NOT NULL,
	`observacion` VarChar( 180 ) CHARACTER SET utf8 COLLATE utf8_general_ci NOT NULL,
	CONSTRAINT `id` UNIQUE( `id` ) )
CHARACTER SET = utf8
COLLATE = utf8_spanish_ci
ENGINE = InnoDB
AUTO_INCREMENT = 149;
-- -------------------------------------------------------------


-- DROP TABLE "estados" ----------------------------------------
DROP TABLE IF EXISTS `estados` CASCADE;
-- -------------------------------------------------------------


-- CREATE TABLE "estados" --------------------------------------
CREATE TABLE `estados` ( 
	`id_estado` Int( 11 ) AUTO_INCREMENT NOT NULL,
	`estado` VarChar( 250 ) CHARACTER SET utf8 COLLATE utf8_general_ci NOT NULL,
	`iso_3166-2` VarChar( 4 ) CHARACTER SET utf8 COLLATE utf8_general_ci NOT NULL,
	PRIMARY KEY ( `id_estado` ) )
CHARACTER SET = utf8
COLLATE = utf8_general_ci
ENGINE = InnoDB
AUTO_INCREMENT = 26;
-- -------------------------------------------------------------


-- DROP TABLE "municipios" -------------------------------------
DROP TABLE IF EXISTS `municipios` CASCADE;
-- -------------------------------------------------------------


-- CREATE TABLE "municipios" -----------------------------------
CREATE TABLE `municipios` ( 
	`id_municipio` Int( 11 ) AUTO_INCREMENT NOT NULL,
	`id_estado` Int( 11 ) NOT NULL,
	`municipio` VarChar( 100 ) CHARACTER SET utf8 COLLATE utf8_general_ci NOT NULL,
	PRIMARY KEY ( `id_municipio` ) )
CHARACTER SET = utf8
COLLATE = utf8_general_ci
ENGINE = InnoDB
AUTO_INCREMENT = 463;
-- -------------------------------------------------------------


-- DROP TABLE "parroquias" -------------------------------------
DROP TABLE IF EXISTS `parroquias` CASCADE;
-- -------------------------------------------------------------


-- CREATE TABLE "parroquias" -----------------------------------
CREATE TABLE `parroquias` ( 
	`id_parroquia` Int( 11 ) AUTO_INCREMENT NOT NULL,
	`id_municipio` Int( 11 ) NOT NULL,
	`parroquia` VarChar( 250 ) CHARACTER SET utf8 COLLATE utf8_general_ci NOT NULL,
	PRIMARY KEY ( `id_parroquia` ) )
CHARACTER SET = utf8
COLLATE = utf8_general_ci
ENGINE = InnoDB
AUTO_INCREMENT = 1139;
-- -------------------------------------------------------------


-- Dump data of "ciudades" ---------------------------------
REPLACE INTO `ciudades`(`id_ciudad`,`id_estado`,`ciudad`,`capital`) VALUES 
( '1', '1', 'Maroa', '0' ),
( '2', '1', 'Puerto Ayacucho', '1' ),
( '3', '1', 'San Fernando de Atabapo', '0' ),
( '4', '2', 'Anaco', '0' ),
( '5', '2', 'Aragua de Barcelona', '0' ),
( '6', '2', 'Barcelona', '1' ),
( '7', '2', 'Boca de Uchire', '0' ),
( '8', '2', 'Cantaura', '0' ),
( '9', '2', 'Clarines', '0' ),
( '10', '2', 'El Chaparro', '0' ),
( '11', '2', 'El Pao Anzoátegui', '0' ),
( '12', '2', 'El Tigre', '0' ),
( '13', '2', 'El Tigrito', '0' ),
( '14', '2', 'Guanape', '0' ),
( '15', '2', 'Guanta', '0' ),
( '16', '2', 'Lechería', '0' ),
( '17', '2', 'Onoto', '0' ),
( '18', '2', 'Pariaguán', '0' ),
( '19', '2', 'Píritu', '0' ),
( '20', '2', 'Puerto La Cruz', '0' ),
( '21', '2', 'Puerto Píritu', '0' ),
( '22', '2', 'Sabana de Uchire', '0' ),
( '23', '2', 'San Mateo Anzoátegui', '0' ),
( '24', '2', 'San Pablo Anzoátegui', '0' ),
( '25', '2', 'San Tomé', '0' ),
( '26', '2', 'Santa Ana de Anzoátegui', '0' ),
( '27', '2', 'Santa Fe Anzoátegui', '0' ),
( '28', '2', 'Santa Rosa', '0' ),
( '29', '2', 'Soledad', '0' ),
( '30', '2', 'Urica', '0' ),
( '31', '2', 'Valle de Guanape', '0' ),
( '43', '3', 'Achaguas', '0' ),
( '44', '3', 'Biruaca', '0' ),
( '45', '3', 'Bruzual', '0' ),
( '46', '3', 'El Amparo', '0' ),
( '47', '3', 'El Nula', '0' ),
( '48', '3', 'Elorza', '0' ),
( '49', '3', 'Guasdualito', '0' ),
( '50', '3', 'Mantecal', '0' ),
( '51', '3', 'Puerto Páez', '0' ),
( '52', '3', 'San Fernando de Apure', '1' ),
( '53', '3', 'San Juan de Payara', '0' ),
( '54', '4', 'Barbacoas', '0' ),
( '55', '4', 'Cagua', '0' ),
( '56', '4', 'Camatagua', '0' ),
( '58', '4', 'Choroní', '0' ),
( '59', '4', 'Colonia Tovar', '0' ),
( '60', '4', 'El Consejo', '0' ),
( '61', '4', 'La Victoria', '0' ),
( '62', '4', 'Las Tejerías', '0' ),
( '63', '4', 'Magdaleno', '0' ),
( '64', '4', 'Maracay', '1' ),
( '65', '4', 'Ocumare de La Costa', '0' ),
( '66', '4', 'Palo Negro', '0' ),
( '67', '4', 'San Casimiro', '0' ),
( '68', '4', 'San Mateo', '0' ),
( '69', '4', 'San Sebastián', '0' ),
( '70', '4', 'Santa Cruz de Aragua', '0' ),
( '71', '4', 'Tocorón', '0' ),
( '72', '4', 'Turmero', '0' ),
( '73', '4', 'Villa de Cura', '0' ),
( '74', '4', 'Zuata', '0' ),
( '75', '5', 'Barinas', '1' ),
( '76', '5', 'Barinitas', '0' ),
( '77', '5', 'Barrancas', '0' ),
( '78', '5', 'Calderas', '0' ),
( '79', '5', 'Capitanejo', '0' ),
( '80', '5', 'Ciudad Bolivia', '0' ),
( '81', '5', 'El Cantón', '0' ),
( '82', '5', 'Las Veguitas', '0' ),
( '83', '5', 'Libertad de Barinas', '0' ),
( '84', '5', 'Sabaneta', '0' ),
( '85', '5', 'Santa Bárbara de Barinas', '0' ),
( '86', '5', 'Socopó', '0' ),
( '87', '6', 'Caicara del Orinoco', '0' ),
( '88', '6', 'Canaima', '0' ),
( '89', '6', 'Ciudad Bolívar', '1' ),
( '90', '6', 'Ciudad Piar', '0' ),
( '91', '6', 'El Callao', '0' ),
( '92', '6', 'El Dorado', '0' ),
( '93', '6', 'El Manteco', '0' ),
( '94', '6', 'El Palmar', '0' ),
( '95', '6', 'El Pao', '0' ),
( '96', '6', 'Guasipati', '0' ),
( '97', '6', 'Guri', '0' ),
( '98', '6', 'La Paragua', '0' ),
( '99', '6', 'Matanzas', '0' ),
( '100', '6', 'Puerto Ordaz', '0' ),
( '101', '6', 'San Félix', '0' ),
( '102', '6', 'Santa Elena de Uairén', '0' ),
( '103', '6', 'Tumeremo', '0' ),
( '104', '6', 'Unare', '0' ),
( '105', '6', 'Upata', '0' ),
( '106', '7', 'Bejuma', '0' ),
( '107', '7', 'Belén', '0' ),
( '108', '7', 'Campo de Carabobo', '0' ),
( '109', '7', 'Canoabo', '0' ),
( '110', '7', 'Central Tacarigua', '0' ),
( '111', '7', 'Chirgua', '0' ),
( '112', '7', 'Ciudad Alianza', '0' ),
( '113', '7', 'El Palito', '0' ),
( '114', '7', 'Guacara', '0' ),
( '115', '7', 'Guigue', '0' ),
( '116', '7', 'Las Trincheras', '0' ),
( '117', '7', 'Los Guayos', '0' ),
( '118', '7', 'Mariara', '0' ),
( '119', '7', 'Miranda', '0' ),
( '120', '7', 'Montalbán', '0' ),
( '121', '7', 'Morón', '0' ),
( '122', '7', 'Naguanagua', '0' ),
( '123', '7', 'Puerto Cabello', '0' ),
( '124', '7', 'San Joaquín', '0' ),
( '125', '7', 'Tocuyito', '0' ),
( '126', '7', 'Urama', '0' ),
( '127', '7', 'Valencia', '1' ),
( '128', '7', 'Vigirimita', '0' ),
( '129', '8', 'Aguirre', '0' ),
( '130', '8', 'Apartaderos Cojedes', '0' ),
( '131', '8', 'Arismendi', '0' ),
( '132', '8', 'Camuriquito', '0' ),
( '133', '8', 'El Baúl', '0' ),
( '134', '8', 'El Limón', '0' ),
( '135', '8', 'El Pao Cojedes', '0' ),
( '136', '8', 'El Socorro', '0' ),
( '137', '8', 'La Aguadita', '0' ),
( '138', '8', 'Las Vegas', '0' ),
( '139', '8', 'Libertad de Cojedes', '0' ),
( '140', '8', 'Mapuey', '0' ),
( '141', '8', 'Piñedo', '0' ),
( '142', '8', 'Samancito', '0' ),
( '143', '8', 'San Carlos', '1' ),
( '144', '8', 'Sucre', '0' ),
( '145', '8', 'Tinaco', '0' ),
( '146', '8', 'Tinaquillo', '0' ),
( '147', '8', 'Vallecito', '0' ),
( '148', '9', 'Tucupita', '1' ),
( '149', '24', 'Caracas', '1' ),
( '150', '24', 'El Junquito', '0' ),
( '151', '10', 'Adícora', '0' ),
( '152', '10', 'Boca de Aroa', '0' ),
( '153', '10', 'Cabure', '0' ),
( '154', '10', 'Capadare', '0' ),
( '155', '10', 'Capatárida', '0' ),
( '156', '10', 'Chichiriviche', '0' ),
( '157', '10', 'Churuguara', '0' ),
( '158', '10', 'Coro', '1' ),
( '159', '10', 'Cumarebo', '0' ),
( '160', '10', 'Dabajuro', '0' ),
( '161', '10', 'Judibana', '0' ),
( '162', '10', 'La Cruz de Taratara', '0' ),
( '163', '10', 'La Vela de Coro', '0' ),
( '164', '10', 'Los Taques', '0' ),
( '165', '10', 'Maparari', '0' ),
( '166', '10', 'Mene de Mauroa', '0' ),
( '167', '10', 'Mirimire', '0' ),
( '168', '10', 'Pedregal', '0' ),
( '169', '10', 'Píritu Falcón', '0' ),
( '170', '10', 'Pueblo Nuevo Falcón', '0' ),
( '171', '10', 'Puerto Cumarebo', '0' ),
( '172', '10', 'Punta Cardón', '0' ),
( '173', '10', 'Punto Fijo', '0' ),
( '174', '10', 'San Juan de Los Cayos', '0' ),
( '175', '10', 'San Luis', '0' ),
( '176', '10', 'Santa Ana Falcón', '0' ),
( '177', '10', 'Santa Cruz De Bucaral', '0' ),
( '178', '10', 'Tocopero', '0' ),
( '179', '10', 'Tocuyo de La Costa', '0' ),
( '180', '10', 'Tucacas', '0' ),
( '181', '10', 'Yaracal', '0' ),
( '182', '11', 'Altagracia de Orituco', '0' ),
( '183', '11', 'Cabruta', '0' ),
( '184', '11', 'Calabozo', '0' ),
( '185', '11', 'Camaguán', '0' ),
( '196', '11', 'Chaguaramas Guárico', '0' ),
( '197', '11', 'El Socorro', '0' ),
( '198', '11', 'El Sombrero', '0' ),
( '199', '11', 'Las Mercedes de Los Llanos', '0' ),
( '200', '11', 'Lezama', '0' ),
( '201', '11', 'Onoto', '0' ),
( '202', '11', 'Ortíz', '0' ),
( '203', '11', 'San José de Guaribe', '0' ),
( '204', '11', 'San Juan de Los Morros', '1' ),
( '205', '11', 'San Rafael de Laya', '0' ),
( '206', '11', 'Santa María de Ipire', '0' ),
( '207', '11', 'Tucupido', '0' ),
( '208', '11', 'Valle de La Pascua', '0' ),
( '209', '11', 'Zaraza', '0' ),
( '210', '12', 'Aguada Grande', '0' ),
( '211', '12', 'Atarigua', '0' ),
( '212', '12', 'Barquisimeto', '1' ),
( '213', '12', 'Bobare', '0' ),
( '214', '12', 'Cabudare', '0' ),
( '215', '12', 'Carora', '0' ),
( '216', '12', 'Cubiro', '0' ),
( '217', '12', 'Cují', '0' ),
( '218', '12', 'Duaca', '0' ),
( '219', '12', 'El Manzano', '0' ),
( '220', '12', 'El Tocuyo', '0' ),
( '221', '12', 'Guaríco', '0' ),
( '222', '12', 'Humocaro Alto', '0' ),
( '223', '12', 'Humocaro Bajo', '0' ),
( '224', '12', 'La Miel', '0' ),
( '225', '12', 'Moroturo', '0' ),
( '226', '12', 'Quíbor', '0' ),
( '227', '12', 'Río Claro', '0' ),
( '228', '12', 'Sanare', '0' ),
( '229', '12', 'Santa Inés', '0' ),
( '230', '12', 'Sarare', '0' ),
( '231', '12', 'Siquisique', '0' ),
( '232', '12', 'Tintorero', '0' ),
( '233', '13', 'Apartaderos Mérida', '0' ),
( '234', '13', 'Arapuey', '0' ),
( '235', '13', 'Bailadores', '0' ),
( '236', '13', 'Caja Seca', '0' ),
( '237', '13', 'Canaguá', '0' ),
( '238', '13', 'Chachopo', '0' ),
( '239', '13', 'Chiguara', '0' ),
( '240', '13', 'Ejido', '0' ),
( '241', '13', 'El Vigía', '0' ),
( '242', '13', 'La Azulita', '0' ),
( '243', '13', 'La Playa', '0' ),
( '244', '13', 'Lagunillas Mérida', '0' ),
( '245', '13', 'Mérida', '1' ),
( '246', '13', 'Mesa de Bolívar', '0' ),
( '247', '13', 'Mucuchíes', '0' ),
( '248', '13', 'Mucujepe', '0' ),
( '249', '13', 'Mucuruba', '0' ),
( '250', '13', 'Nueva Bolivia', '0' ),
( '251', '13', 'Palmarito', '0' ),
( '252', '13', 'Pueblo Llano', '0' ),
( '253', '13', 'Santa Cruz de Mora', '0' ),
( '254', '13', 'Santa Elena de Arenales', '0' ),
( '255', '13', 'Santo Domingo', '0' ),
( '256', '13', 'Tabáy', '0' ),
( '257', '13', 'Timotes', '0' ),
( '258', '13', 'Torondoy', '0' ),
( '259', '13', 'Tovar', '0' ),
( '260', '13', 'Tucani', '0' ),
( '261', '13', 'Zea', '0' ),
( '262', '14', 'Araguita', '0' ),
( '263', '14', 'Carrizal', '0' ),
( '264', '14', 'Caucagua', '0' ),
( '265', '14', 'Chaguaramas Miranda', '0' ),
( '266', '14', 'Charallave', '0' ),
( '267', '14', 'Chirimena', '0' ),
( '268', '14', 'Chuspa', '0' ),
( '269', '14', 'Cúa', '0' ),
( '270', '14', 'Cupira', '0' ),
( '271', '14', 'Curiepe', '0' ),
( '272', '14', 'El Guapo', '0' ),
( '273', '14', 'El Jarillo', '0' ),
( '274', '14', 'Filas de Mariche', '0' ),
( '275', '14', 'Guarenas', '0' ),
( '276', '14', 'Guatire', '0' ),
( '277', '14', 'Higuerote', '0' ),
( '278', '14', 'Los Anaucos', '0' ),
( '279', '14', 'Los Teques', '1' ),
( '280', '14', 'Ocumare del Tuy', '0' ),
( '281', '14', 'Panaquire', '0' ),
( '282', '14', 'Paracotos', '0' ),
( '283', '14', 'Río Chico', '0' ),
( '284', '14', 'San Antonio de Los Altos', '0' ),
( '285', '14', 'San Diego de Los Altos', '0' ),
( '286', '14', 'San Fernando del Guapo', '0' ),
( '287', '14', 'San Francisco de Yare', '0' ),
( '288', '14', 'San José de Los Altos', '0' ),
( '289', '14', 'San José de Río Chico', '0' ),
( '290', '14', 'San Pedro de Los Altos', '0' ),
( '291', '14', 'Santa Lucía', '0' ),
( '292', '14', 'Santa Teresa', '0' ),
( '293', '14', 'Tacarigua de La Laguna', '0' ),
( '294', '14', 'Tacarigua de Mamporal', '0' ),
( '295', '14', 'Tácata', '0' ),
( '296', '14', 'Turumo', '0' ),
( '297', '15', 'Aguasay', '0' ),
( '298', '15', 'Aragua de Maturín', '0' ),
( '299', '15', 'Barrancas del Orinoco', '0' ),
( '300', '15', 'Caicara de Maturín', '0' ),
( '301', '15', 'Caripe', '0' ),
( '302', '15', 'Caripito', '0' ),
( '303', '15', 'Chaguaramal', '0' ),
( '305', '15', 'Chaguaramas Monagas', '0' ),
( '307', '15', 'El Furrial', '0' ),
( '308', '15', 'El Tejero', '0' ),
( '309', '15', 'Jusepín', '0' ),
( '310', '15', 'La Toscana', '0' ),
( '311', '15', 'Maturín', '1' ),
( '312', '15', 'Miraflores', '0' ),
( '313', '15', 'Punta de Mata', '0' ),
( '314', '15', 'Quiriquire', '0' ),
( '315', '15', 'San Antonio de Maturín', '0' ),
( '316', '15', 'San Vicente Monagas', '0' ),
( '317', '15', 'Santa Bárbara', '0' ),
( '318', '15', 'Temblador', '0' ),
( '319', '15', 'Teresen', '0' ),
( '320', '15', 'Uracoa', '0' ),
( '321', '16', 'Altagracia', '0' ),
( '322', '16', 'Boca de Pozo', '0' ),
( '323', '16', 'Boca de Río', '0' ),
( '324', '16', 'El Espinal', '0' ),
( '325', '16', 'El Valle del Espíritu Santo', '0' ),
( '326', '16', 'El Yaque', '0' ),
( '327', '16', 'Juangriego', '0' ),
( '328', '16', 'La Asunción', '1' ),
( '329', '16', 'La Guardia', '0' ),
( '330', '16', 'Pampatar', '0' ),
( '331', '16', 'Porlamar', '0' ),
( '332', '16', 'Puerto Fermín', '0' ),
( '333', '16', 'Punta de Piedras', '0' ),
( '334', '16', 'San Francisco de Macanao', '0' ),
( '335', '16', 'San Juan Bautista', '0' ),
( '336', '16', 'San Pedro de Coche', '0' ),
( '337', '16', 'Santa Ana de Nueva Esparta', '0' ),
( '338', '16', 'Villa Rosa', '0' ),
( '339', '17', 'Acarigua', '0' ),
( '340', '17', 'Agua Blanca', '0' ),
( '341', '17', 'Araure', '0' ),
( '342', '17', 'Biscucuy', '0' ),
( '343', '17', 'Boconoito', '0' ),
( '344', '17', 'Campo Elías', '0' ),
( '345', '17', 'Chabasquén', '0' ),
( '346', '17', 'Guanare', '1' ),
( '347', '17', 'Guanarito', '0' ),
( '348', '17', 'La Aparición', '0' ),
( '349', '17', 'La Misión', '0' ),
( '350', '17', 'Mesa de Cavacas', '0' ),
( '351', '17', 'Ospino', '0' ),
( '352', '17', 'Papelón', '0' ),
( '353', '17', 'Payara', '0' ),
( '354', '17', 'Pimpinela', '0' ),
( '355', '17', 'Píritu de Portuguesa', '0' ),
( '356', '17', 'San Rafael de Onoto', '0' ),
( '357', '17', 'Santa Rosalía', '0' ),
( '358', '17', 'Turén', '0' ),
( '359', '18', 'Altos de Sucre', '0' ),
( '360', '18', 'Araya', '0' ),
( '361', '18', 'Cariaco', '0' ),
( '362', '18', 'Carúpano', '0' ),
( '363', '18', 'Casanay', '0' ),
( '364', '18', 'Cumaná', '1' ),
( '365', '18', 'Cumanacoa', '0' ),
( '366', '18', 'El Morro Puerto Santo', '0' ),
( '367', '18', 'El Pilar', '0' ),
( '368', '18', 'El Poblado', '0' ),
( '369', '18', 'Guaca', '0' ),
( '370', '18', 'Guiria', '0' ),
( '371', '18', 'Irapa', '0' ),
( '372', '18', 'Manicuare', '0' ),
( '373', '18', 'Mariguitar', '0' ),
( '374', '18', 'Río Caribe', '0' ),
( '375', '18', 'San Antonio del Golfo', '0' ),
( '376', '18', 'San José de Aerocuar', '0' ),
( '377', '18', 'San Vicente de Sucre', '0' ),
( '378', '18', 'Santa Fe de Sucre', '0' ),
( '379', '18', 'Tunapuy', '0' ),
( '380', '18', 'Yaguaraparo', '0' ),
( '381', '18', 'Yoco', '0' ),
( '382', '19', 'Abejales', '0' ),
( '383', '19', 'Borota', '0' ),
( '384', '19', 'Bramon', '0' ),
( '385', '19', 'Capacho', '0' ),
( '386', '19', 'Colón', '0' ),
( '387', '19', 'Coloncito', '0' ),
( '388', '19', 'Cordero', '0' ),
( '389', '19', 'El Cobre', '0' ),
( '390', '19', 'El Pinal', '0' ),
( '391', '19', 'Independencia', '0' ),
( '392', '19', 'La Fría', '0' ),
( '393', '19', 'La Grita', '0' ),
( '394', '19', 'La Pedrera', '0' ),
( '395', '19', 'La Tendida', '0' ),
( '396', '19', 'Las Delicias', '0' ),
( '397', '19', 'Las Hernández', '0' ),
( '398', '19', 'Lobatera', '0' ),
( '399', '19', 'Michelena', '0' ),
( '400', '19', 'Palmira', '0' ),
( '401', '19', 'Pregonero', '0' ),
( '402', '19', 'Queniquea', '0' ),
( '403', '19', 'Rubio', '0' ),
( '404', '19', 'San Antonio del Tachira', '0' ),
( '405', '19', 'San Cristobal', '1' ),
( '406', '19', 'San José de Bolívar', '0' ),
( '407', '19', 'San Josecito', '0' ),
( '408', '19', 'San Pedro del Río', '0' ),
( '409', '19', 'Santa Ana Táchira', '0' ),
( '410', '19', 'Seboruco', '0' ),
( '411', '19', 'Táriba', '0' ),
( '412', '19', 'Umuquena', '0' ),
( '413', '19', 'Ureña', '0' ),
( '414', '20', 'Batatal', '0' ),
( '415', '20', 'Betijoque', '0' ),
( '416', '20', 'Boconó', '0' ),
( '417', '20', 'Carache', '0' ),
( '418', '20', 'Chejende', '0' ),
( '419', '20', 'Cuicas', '0' ),
( '420', '20', 'El Dividive', '0' ),
( '421', '20', 'El Jaguito', '0' ),
( '422', '20', 'Escuque', '0' ),
( '423', '20', 'Isnotú', '0' ),
( '424', '20', 'Jajó', '0' ),
( '425', '20', 'La Ceiba', '0' ),
( '426', '20', 'La Concepción de Trujllo', '0' ),
( '427', '20', 'La Mesa de Esnujaque', '0' ),
( '428', '20', 'La Puerta', '0' ),
( '429', '20', 'La Quebrada', '0' ),
( '430', '20', 'Mendoza Fría', '0' ),
( '431', '20', 'Meseta de Chimpire', '0' ),
( '432', '20', 'Monay', '0' ),
( '433', '20', 'Motatán', '0' ),
( '434', '20', 'Pampán', '0' ),
( '435', '20', 'Pampanito', '0' ),
( '436', '20', 'Sabana de Mendoza', '0' ),
( '437', '20', 'San Lázaro', '0' ),
( '438', '20', 'Santa Ana de Trujillo', '0' ),
( '439', '20', 'Tostós', '0' ),
( '440', '20', 'Trujillo', '1' ),
( '441', '20', 'Valera', '0' ),
( '442', '21', 'Carayaca', '0' ),
( '443', '21', 'Litoral', '0' ),
( '444', '25', 'Archipiélago Los Roques', '0' ),
( '445', '22', 'Aroa', '0' ),
( '446', '22', 'Boraure', '0' ),
( '447', '22', 'Campo Elías de Yaracuy', '0' ),
( '448', '22', 'Chivacoa', '0' ),
( '449', '22', 'Cocorote', '0' ),
( '450', '22', 'Farriar', '0' ),
( '451', '22', 'Guama', '0' ),
( '452', '22', 'Marín', '0' ),
( '453', '22', 'Nirgua', '0' ),
( '454', '22', 'Sabana de Parra', '0' ),
( '455', '22', 'Salom', '0' ),
( '456', '22', 'San Felipe', '1' ),
( '457', '22', 'San Pablo de Yaracuy', '0' ),
( '458', '22', 'Urachiche', '0' ),
( '459', '22', 'Yaritagua', '0' ),
( '460', '22', 'Yumare', '0' ),
( '461', '23', 'Bachaquero', '0' ),
( '462', '23', 'Bobures', '0' ),
( '463', '23', 'Cabimas', '0' ),
( '464', '23', 'Campo Concepción', '0' ),
( '465', '23', 'Campo Mara', '0' ),
( '466', '23', 'Campo Rojo', '0' ),
( '467', '23', 'Carrasquero', '0' ),
( '468', '23', 'Casigua', '0' ),
( '469', '23', 'Chiquinquirá', '0' ),
( '470', '23', 'Ciudad Ojeda', '0' ),
( '471', '23', 'El Batey', '0' ),
( '472', '23', 'El Carmelo', '0' ),
( '473', '23', 'El Chivo', '0' ),
( '474', '23', 'El Guayabo', '0' ),
( '475', '23', 'El Mene', '0' ),
( '476', '23', 'El Venado', '0' ),
( '477', '23', 'Encontrados', '0' ),
( '478', '23', 'Gibraltar', '0' ),
( '479', '23', 'Isla de Toas', '0' ),
( '480', '23', 'La Concepción del Zulia', '0' ),
( '481', '23', 'La Paz', '0' ),
( '482', '23', 'La Sierrita', '0' ),
( '483', '23', 'Lagunillas del Zulia', '0' ),
( '484', '23', 'Las Piedras de Perijá', '0' ),
( '485', '23', 'Los Cortijos', '0' ),
( '486', '23', 'Machiques', '0' ),
( '487', '23', 'Maracaibo', '1' ),
( '488', '23', 'Mene Grande', '0' ),
( '489', '23', 'Palmarejo', '0' ),
( '490', '23', 'Paraguaipoa', '0' ),
( '491', '23', 'Potrerito', '0' ),
( '492', '23', 'Pueblo Nuevo del Zulia', '0' ),
( '493', '23', 'Puertos de Altagracia', '0' ),
( '494', '23', 'Punta Gorda', '0' ),
( '495', '23', 'Sabaneta de Palma', '0' ),
( '496', '23', 'San Francisco', '0' ),
( '497', '23', 'San José de Perijá', '0' ),
( '498', '23', 'San Rafael del Moján', '0' ),
( '499', '23', 'San Timoteo', '0' ),
( '500', '23', 'Santa Bárbara Del Zulia', '0' ),
( '501', '23', 'Santa Cruz de Mara', '0' ),
( '502', '23', 'Santa Cruz del Zulia', '0' ),
( '503', '23', 'Santa Rita', '0' ),
( '504', '23', 'Sinamaica', '0' ),
( '505', '23', 'Tamare', '0' ),
( '506', '23', 'Tía Juana', '0' ),
( '507', '23', 'Villa del Rosario', '0' ),
( '508', '21', 'La Guaira', '1' ),
( '509', '21', 'Catia La Mar', '0' ),
( '510', '21', 'Macuto', '0' ),
( '511', '21', 'Naiguatá', '0' ),
( '512', '25', 'Archipiélago Los Monjes', '0' ),
( '513', '25', 'Isla La Tortuga y Cayos adyacentes', '0' ),
( '514', '25', 'Isla La Sola', '0' ),
( '515', '25', 'Islas Los Testigos', '0' ),
( '516', '25', 'Islas Los Frailes', '0' ),
( '517', '25', 'Isla La Orchila', '0' ),
( '518', '25', 'Archipiélago Las Aves', '0' ),
( '519', '25', 'Isla de Aves', '0' ),
( '520', '25', 'Isla La Blanquilla', '0' ),
( '521', '25', 'Isla de Patos', '0' ),
( '522', '25', 'Islas Los Hermanos', '0' );
-- ---------------------------------------------------------


-- Dump data of "dataclap" ---------------------------------
REPLACE INTO `dataclap`(`id`,`id_viejo`,`nro_casa`,`cedula`,`apellidos`,`nombres`,`fecha_nac`,`sexo`,`telefono`,`celular`,`caja_clap`,`observacion`,`parentesco`) VALUES 
( '1', '49', '', NULL, 'CARRASQUERO', 'DANIELA DE LOS ANGELES', '2000-06-22', 'FEMENINO', '', '', '', '', '' ),
( '2', '15', '', '20275546', 'RAMONES', 'DILIBETH M.', '1990-06-24', 'MASCULINO', '', '', '', 'CHILE', '' ),
( '3', '101', '', NULL, 'BARRIOS', 'MILANYELA', '2001-11-25', 'FEMENINO', '', '', '', '', '' ),
( '4', '102', '', '16989048', 'OROZCO', 'CARLOS', '1984-04-19', 'MASCULINO', '', '', '', '', '' ),
( '5', '72', '', '21357333', 'RODRIGUEZ LEON', 'ENMANUEL D', '1991-07-19', 'MASCULINO', '', '', '', '', '' ),
( '6', '115', '', NULL, '', 'MAIRYM DANIELA', '1901-01-01', 'FEMENINO', '', '', '', '', '' ),
( '7', '50', '', NULL, 'CARRASQUERO', 'GRISTHIAN JOSE', '2003-03-19', 'MASCULINO', '', '', '', '', '' ),
( '8', '110', '', NULL, 'PINO MUÑOZ', 'ANGEL IVAN', '1998-08-06', 'MASCULINO', '', '', '', '', '' ),
( '9', '109', '', NULL, 'MUÑOZ SALAS', 'KARINA MERCEDES', '1971-07-27', 'FEMENINO', '', '', '', '', '' ),
( '10', '13', '', '10428830', 'GONZALEZ', 'ADA ADELAIDA', '1969-09-25', 'MASCULINO', '', '', '', '', '' ),
( '11', '85', '67-10', '7763158', 'MENDEZ I', 'DANIEL', '1962-09-08', 'MASCULINO', '0261-7537372', '', '', '', '' ),
( '12', '87', '67-10', '26333712', 'MENDEZ A.', 'DANIELA', '1998-07-27', 'FEMENINO', '0261-7537372', '', '', '', '' ),
( '13', '88', '67-10', '17460586', 'ZAMBRANO', 'JOHENDRY', '1985-05-23', 'MASCULINO', '0261-7537372', '', '', '', '' ),
( '14', '29', '73A-106', '18121798', 'FERNANDEZ LOPEZ ROJAS', 'MARIA', '1985-05-29', 'FEMENINO', '0261-7541723', '', '', '', '' ),
( '15', '28', '73A-106', '13704714', 'LOPEZ ROJAS', 'MARYOLLY', '1977-11-26', 'FEMENINO', '0261-7541723', '', '', '', '' ),
( '16', '27', '73A-106', '5045739', 'ROJAS DE LOPEZ', 'MARITZA', '1953-10-21', 'FEMENINO', '0261-7541723', '', '', '', '' ),
( '17', '31', '73A-118', '26514736', 'GONZALEZ LEON', 'YULIANYS ESPERANZA', '1998-10-15', 'FEMENINO', '0261-7554455', '', '', '', '' ),
( '18', '35', '73A-15', '20609383', 'GONZALEZ', 'JONATHAN', '1990-05-02', 'MASCULINO', '', '', '', '', '' ),
( '19', '112', '73A-168', '9003398', 'ARAUJO', 'FRANCISCO JAVIER', '1960-11-03', 'MASCULINO', '', '', '', '', '' ),
( '20', '113', '73A-168', '5381378', 'GONZALEZ LEAL', 'ALEXIS ENRIQUE', '1955-10-13', 'MASCULINO', '', '', '', '', '' ),
( '21', '116', '73A-180', '5163862', 'DE CARDENAS', 'LUISA', '1936-12-12', 'FEMENINO', '', '', '', '', '' ),
( '22', '117', '73A-180', '10442899', 'CARDENAS', 'CARLOS', '1973-01-28', 'MASCULINO', '', '', '', '', '' ),
( '23', '118', '73A-180', '16212275', 'ALDANA', 'RUTH', '1981-08-12', 'MASCULINO', '', '', '', '', '' ),
( '24', '5', '73A-22', '19625620', 'MEDINA', 'RAINIEL', '1991-07-31', 'X', '', '0424-1866201', '', '', '' ),
( '25', '2', '73A-26', '10406323', 'TORREALBA BRAVO', 'MARISOL', '1970-08-04', 'FEMENINO', '0261-7145162', '', '', 'EN CHILE', '' ),
( '26', '1', '73A-26', '6907503', 'FERMIN PARRA', 'ANTONIO', '1963-05-22', 'MASCULINO', '0261-7145162', '', '', '', '' ),
( '27', '7', '73A-34', '7766604', 'URDANETA', 'HECTOR', '1988-03-01', 'MASCULINO', '0261-7546682', '', '', '', '' ),
( '28', '8', '73A-34', '30070026', 'MATHEUS', 'LUCIANA', '2000-12-13', 'FEMENINO', '0261-7546682', '', '', '', '' ),
( '29', '9', '73A-34', '23444029', 'ROSSY', 'NANCY', '1961-05-28', 'FEMENINO', '0261-7546682', '', '', 'REVISAR DUPLICIDAD DE NOMBRE', '' ),
( '30', '6', '73A-34', '11289972', 'ROSSI', 'NANCY', '1966-04-15', 'FEMENINO', '0261-7546682', '', '', 'REVISAR DUPLICIDAD DE NOMBRE', '' ),
( '31', '92', '73A-41', '12945818', 'RODRIGUEZ BALLESTA', 'LIBERTO ENRIQUE', '1974-01-13', 'MASCULINO', '', '', '', '', '' ),
( '32', '11', '73A-42', '27180455', 'F. BANEZ', 'LUSGLEIDI', '1998-08-12', 'FEMENINO', '0261-7543139', '', '', '', '' ),
( '33', '10', '73A-42', '20582079', 'GONZALEZ V.', 'LUIS', '1990-05-21', 'MASCULINO', '0261-7543139', '', '', '', '' ),
( '34', '12', '73A-56', '10445385', 'RINCON VILLEGAS', 'OGLIS E.', '1968-03-14', 'FEMENINO', '', '', '', '', '' ),
( '35', '18', '73A-68', '9790488', 'SAULE ROMERO', 'MARIA ALEJANDRA', '1970-03-14', 'FEMENINO', '', '', '', '', '' ),
( '36', '17', '73A-68', '3508357', 'ROMERO DE SAULE', 'MARIA DOLORES', '1946-05-01', 'FEMENINO', '0261-7760162', '0416-08603', '', '', '' ),
( '37', '16', '73A-68', '16506635', 'SAULE OSORIO', 'HECTOR FELIPE', '1938-04-15', 'MASCULINO', '', '', '', '', '' ),
( '38', '19', '73A-68', '11690670', 'SAULES ROMERO', 'JEANNETTE CAROLINA', '1974-06-27', 'FEMENINO', '', '', '', '', '' ),
( '39', '20', '73A-80', '1657689', 'LEON', 'LIDUINA', '1935-05-12', 'FEMENINO', '', '', '', '', '' ),
( '40', '22', '73A-80', '11864265', 'SOCORRO LEON', 'ELI ANTONIO', '1972-07-29', 'MASCULINO', '', '', '', '', '' ),
( '41', '25', '73A-94', '27972596', 'ARRAGA PIRELA', 'LUIS ALEJANDRO', '2000-12-29', 'MASCULINO', '', '', '', '', '' ),
( '42', '24', '73A-94', '22475118', 'ARRAGA PIRELA', 'LUIS ALBERTO', '1995-09-11', 'MASCULINO', '', '', '', '', '' ),
( '43', '104', '74-07', '7793242', 'ARRIETA BARRIOS', 'MAXZULY', '1961-09-28', 'FEMENINO', '', '', '', 'VIVE EN ECUADOR', '' ),
( '44', '106', '74-07', '4145127', 'ARRIETA B.', 'MARLENE MERCEDES', '1959-05-24', 'FEMENINO', '', '', '', '', '' ),
( '45', '64', '74-107', '7714158', 'URDANETA', 'YOLANDA', '1963-11-02', 'FEMENINO', '', '', '', '(revisar fallecida)', '' ),
( '46', '63', '74-107', '16119265', 'URDANETA', 'RAYMOND', '1980-09-09', 'MASCULINO', '', '', '', 'VIVE EN EL BARRIO', '' ),
( '47', '61', '74-107', '12869524', 'MACHADO', 'ERIKA', '1972-12-24', 'FEMENINO', '', '', '', 'NO VIVE EN ESA CASA', '' ),
( '48', '62', '74-107', '29740055', 'URDANETA', 'ALEJANDRO', '2001-12-18', 'MASCULINO', '', '', '', '', '' ),
( '49', '66', '74-121', '11283705', 'OROZCO', 'LISBELYS', '1973-04-15', 'FEMENINO', '', '', '', '', '' ),
( '50', '71', '74-135', '27312335', 'FERRER CASTELLANO', 'EDUARDO ENRIQUE', '1998-03-21', 'MASCULINO', '', '', '', '', '' ),
( '51', '70', '74-135', '7972078', 'FERRER MOLINA', 'JOSE FRANCISCO', '1965-01-10', 'MASCULINO', '', '', '', 'VIVE EN LA TRINIDAD', '' ),
( '52', '67', '74-135', '4473949', 'URDANETA', 'YSABEL', '1944-09-30', 'FEMENINO', '', '', '', '', '' ),
( '53', '69', '74-135', '8700667', 'CASTELLANO', 'MILIUSKA ISABEL', '1968-06-06', 'FEMENINO', '', '', '', '', '' ),
( '54', '108', '74-19', '4756914', 'SALAS DE MUÑOZ', 'MARIA FELIX', '1950-06-18', 'FEMENINO', '', '', '', '', '' ),
( '55', '40', '74-31', '6833135', 'VALBUENA GONZALEZ', 'JUAN CARLOS', '1964-03-30', 'MASCULINO', '', '', '', '', '' ),
( '56', '38', '74-31', NULL, 'VALBUENA GONZALEZ', 'ORLANDO ENRIQUE', '1955-11-10', 'MASCULINO', '', '', '', '', '' ),
( '57', '37', '74-31', '4536261', 'VALBUENA GONZALEZ', 'VICTOR MANUEL', '1954-08-22', 'MASCULINO', '', '', '', '', '' ),
( '58', '36', '74-31', '3643846', 'GONZALEZ DE VALBUENA', 'IDA', '1934-11-21', 'FEMENINO', '', '', '', '', '' ),
( '59', '57', '74-47', NULL, 'GONZALEZ', 'LIN M', '1990-02-28', 'X', '', '', '', '', '' ),
( '60', '56', '74-47', '10444197', 'GONZALEZ', 'LENNY J.', '1970-09-27', 'X', '', '', '', '', '' ),
( '61', '58', '74-47', '20987892', 'GONZALEZ DIAZ', 'FRAN M', '1993-09-27', 'MASCULINO', '', '', '', '', '' ),
( '62', '94', '74-57', '23861145', 'VARGAS', 'DANIHELY', '1995-10-06', 'X', '', '', '', '', '' ),
( '63', '95', '74-57', '27911512', 'AÑEZ', 'DAYAN', '2001-03-28', 'X', '', '', '', '', '' ),
( '64', '96', '74-57', '29749077', 'AÑEZ', 'DANIEL', '2002-04-01', 'MASCULINO', '', '', '', '', '' ),
( '65', '42', '74-73', '9787159', 'GRANADILLO RINCON', 'ANA LUISA', '1971-11-05', 'FEMENINO', '', '', '', '', '' ),
( '66', '41', '74-73', '3508731', 'DE GRANADILLO', 'ANERSI', '1944-05-17', 'X', '', '', '', '', '' ),
( '67', '47', '74-81', '18987331', 'FUENMAYOR', 'EDUARDO', '1989-01-05', 'MASCULINO', '', '', '', 'MUDADOS (MARIA PALENCIA)', '' ),
( '68', '46', '74-81', '10450607', 'ALAMAO', 'ARELIS', '1971-03-06', 'FEMENINO', '', '', '', '', '' ),
( '69', '48', '74-81', '18382774', 'LANDINO', 'PAOLA', '1986-12-12', 'FEMENINO', '', '', '', '', '' ),
( '70', '52', '74-95', '3573571', 'CARRASQUERO', 'GERARDO', '1945-11-30', 'MASCULINO', '', '', '', '', '' ),
( '71', '53', '74-95', '16188493', 'CARRASQUERO', 'CLIVER RAUA', '1980-09-28', 'X', '', '', '', '', '' ),
( '72', '120', '74B-06', '1645751', 'PUCHI L', 'VALMORE R', '1936-03-18', 'MASCULINO', '', '', '', '', '' ),
( '73', '91', '74B-07', '16355757', 'AMARANTO', 'YAJAIRA', '1985-02-06', 'FEMENINO', '', '', '', '', '' ),
( '74', '90', '74B-07', '16352845', 'CASTILLO', 'LUIS', '1983-04-05', 'MASCULINO', '', '', '', 'VIVE EN COLOMBIA', '' ),
( '75', '81', '74B-102', '20379102', 'ALAÑA COLINA', 'MARIANGEL BEATRIZ', '1990-12-03', 'FEMENINO', '', '', '', '', '' ),
( '76', '83', '74B-102', '19311583', 'MOLERO COLINA', 'JESUS ENRIQUE', '1987-01-13', 'MASCULINO', '', '', '', 'VIVE EN PERU', '' ),
( '77', '82', '74B-102', '4516171', 'COLINA MORALES', 'NELLY COROMOTO', '1950-03-29', 'FEMENINO', '', '', '', '', '' ),
( '78', '77', '74B-114', '6833094', 'USTRELLA', 'JOSE EFRAIN', '1962-10-12', 'MASCULINO', '', '', '', '', '' ),
( '79', '79', '74B-126', '7978677', 'MARCANO', 'ALEXIS JOSE', '1966-05-15', 'MASCULINO', '', '', '', '', '' ),
( '80', '124', '74B-18', '19626310', 'GARCIA LUENGO', 'VICTOR ARTURO', '1989-04-09', 'MASCULINO', '', '', '', '', '' ),
( '81', '126', '74B-18', '17958697', 'FERRER FIGUEROA', 'DANNY GILBERTO', '1986-10-16', 'MASCULINO', '', '', '', '', '' ),
( '82', '133', '74B-30', '30363916', 'BECERRA MARQUEZ', 'EDWING ENRIQUE', '2001-06-07', 'MASCULINO', '', '', '', '', '' ),
( '83', '130', '74B-30', '30363914', 'MARQUEZ FERNANDEZ', 'DIEGO JAVIER', '2003-11-10', 'MASCULINO', '', '', '', '', '' ),
( '84', '132', '74B-30', '23857050', 'BECERRA MARQUEZ', 'RITA VIRGINIA', '1993-02-15', 'FEMENINO', '', '', '', '', '' ),
( '85', '129', '74B-30', '86618872', 'MARQUEZ FERNANDEZ', 'VICTOR JAVIER', '1998-11-02', 'MASCULINO', '', '', '', '', '' ),
( '86', '127', '74B-30', '13495578', 'MARQUEZ C.', 'FRANCISCO JAVIER', '1975-05-22', 'MASCULINO', '', '', '', '', '' ),
( '87', '136', '74B-42', '24255620', 'MORAN VILLAOBOS', 'FERNANDO JOSE', '1994-03-05', 'MASCULINO', '', '', '', '', '' ),
( '88', '134', '74B-42', '7885952', 'MORALES VILLALOBOS', 'FERNANDO JOSE', '1964-09-07', 'MASCULINO', '', '', '', '', '' ),
( '89', '135', '74B-42', '5058610', 'VILLALOBOS MORAN', 'ELAIDI ROSA', '1958-09-21', 'FEMENINO', '', '', '', '', '' ),
( '90', '141', '74B-54', '18495743', 'RINCON', 'RONAY', '1986-03-17', 'X', '', '', '', '', '' ),
( '91', '140', '74B-54', '26456016', 'RINCON', 'JEREMY', '1998-09-14', 'MASCULINO', '', '', '', '', '' ),
( '92', '139', '74B-54', '9778359', 'TORRES DE RINCON', 'DAISY', '1970-09-08', 'FEMENINO', '', '', '', '', '' ),
( '93', '142', '74B-54', '12693827', 'RINCON', 'RAFAEL', '1971-06-29', 'MASCULINO', '', '', '', '', '' ),
( '94', '143', '74B-66', '17683072', 'ROMERO', 'FERNANDO', '1985-05-04', 'MASCULINO', '', '', '', '', '' ),
( '95', '144', '74B-66', '13349803', 'CHIRINOS', 'NORYS', '1977-05-11', 'FEMENINO', '', '', '', '', '' ),
( '96', '146', '74B-78', '12712979', 'PERDOMO GIL', 'REMY', '1977-01-17', 'X', '', '', '', '', '' ),
( '97', '147', '74B-78', '19645119', 'PEÑA', 'GUSMARY', '1987-10-14', 'X', '', '', '', '', '' ),
( '98', '97', 'APTO 1', '17230291', 'GARCIA', 'LUIS ALBERTO', '1983-09-05', 'MASCULINO', '', '', '', 'VIVE EN CHILE', '' ),
( '145', '43', '74-47', '10213879', 'DE GONZALEZ', 'FRANCYS', '0000-00-00', 'FEMENINO', '', '', '1', '', '' ),
( '146', '24', '73A-56', '10420830', 'DE RINCON', 'ANA', '0000-00-00', 'FEMENINO', '', '', '1', '?', '' ),
( '147', '6', '73-49', '10421797', 'RODRIGUEZ', 'BERTIMAL', '0000-00-00', 'FEMENINO', '', '', '0', 'REVISAR (3)', '' ),
( '148', '40', '74-19', '10424457', 'MUÑOZ', 'KARINA', '0000-00-00', 'FEMENINO', '', '', '1', '', '' ),
( '149', '28', '73A-94', '10807743', 'PIRELA', 'MONICA', '0000-00-00', 'FEMENINO', '', '', '1', '', '' ),
( '150', '46', '74-57', '11298371', 'VARGAS', 'DANISBETH', '0000-00-00', 'FEMENINO', '', '', '1', '', '' ),
( '151', '36', '74-135', '11864387', 'CASTELLANO', 'ENRIQUE', '0000-00-00', 'MASCULINO', '', '', '1', '', '' ),
( '152', '19', '73A-26', '11867995', 'GARCIA', 'BENITA', '0000-00-00', 'FEMENINO', '', '', '1', '', '' ),
( '153', '54', '74B-06', '12098583', 'PUCHI', 'MIGUEL', '0000-00-00', 'MASCULINO', '', '', '1', '', '' ),
( '154', '64', '74B-30', '12135931', 'FERNANDEZ', 'SUGELY', '0000-00-00', 'FEMENINO', '', '', '1', '', '' ),
( '155', '31', '73B-42', '12218628', 'RODRIGUEZ', 'NUMA', '0000-00-00', 'X', '', '', '1', 'REVISAR', '' ),
( '156', '68', '74B-54', '12693793', 'RINCON', 'YIMY', '0000-00-00', 'MASCULINO', '', '', '1', '', '' ),
( '157', '61', '74B-126', '12805401', 'VILLALOBOS', 'LEONALDO', '0000-00-00', 'MASCULINO', '', '', '0', '?', '' ),
( '158', '44', '74-47', '12867679', 'GONZALEZ', 'ALAIN', '0000-00-00', 'MASCULINO', '', '', '1', '', '' ),
( '159', '3', '73-49', '13008874', 'BARRIOS', 'MAYBELIN', '0000-00-00', 'FEMENINO', '', '', '1', 'REVISAR (3)', '' ),
( '160', '4', '73-49', '13008876', 'BARRIOS', 'MILAGROS', '0000-00-00', 'FEMENINO', '', '', '1', 'REVISAR (3)', '' ),
( '161', '9', '73A-118', '14280131', 'LEON DUGARTE', 'NAIVY', '0000-00-00', 'X', '', '', '1', '', '' ),
( '162', '59', '74B-114', '15059672', 'ACURERO', 'ANGELICA', '0000-00-00', 'FEMENINO', '', '', '1', '', '' ),
( '163', '71', '74B-90', '15727754', 'FERNANDEZ', 'LUIS', '0000-00-00', 'MASCULINO', '', '', '0', 'REVISAR', '' ),
( '164', '30', '73B-07', '16345357', 'AMARANTO', 'YAJAIRA', '0000-00-00', 'FEMENINO', '', '', '1', 'REVISAR', '' ),
( '165', '14', '73A-168', '16355975', 'BOSCAN', 'RAMIGLAN', '0000-00-00', 'X', '', '', '0', '(1)', '' ),
( '166', '15', '73A-180', '16442899', 'CARDENAS', 'CARLOS', '0000-00-00', 'MASCULINO', '', '', '1', '(1)', '' ),
( '167', '26', '73A-68', '1650635', 'SAULES', 'HECTOR', '0000-00-00', 'MASCULINO', '', '', '1', '', '' ),
( '168', '11', '73A-144', '1653975', 'SANCHEZ', 'ELIDA', '0000-00-00', 'FEMENINO', '', '', '1', '', '' ),
( '169', '2', '67-10', '16989742', 'PEROZO', 'MARICARMEN', '0000-00-00', 'FEMENINO', '', '', '1', '', '' ),
( '170', '5', '73-49', '17669414', 'BARRIOS', 'MARGY', '0000-00-00', 'FEMENINO', '', '', '1', 'REVISAR (3)', '' ),
( '171', '52', '74-95', '17834357', 'PIRELA', 'VANESSA', '0000-00-00', 'FEMENINO', '', '', '1', '', '' ),
( '172', '63', '74B-18', '18217094', 'GARCIA DE FERRER', 'VANESSA', '0000-00-00', 'FEMENINO', '', '', '1', '', '' ),
( '173', '67', '74B-54', '18495143', 'RINCON', 'RONNY', '0000-00-00', 'MASCULINO', '', '', '1', '', '' ),
( '174', '17', '73A-22', '19072609', 'BRICEÑO', 'MARINER', '0000-00-00', 'X', '', '', '1', '', '' ),
( '175', '23', '73A-56', '19704897', 'RINCON', 'OGLIAN', '0000-00-00', 'X', '', '', '1', '?', '' ),
( '176', '22', '73A-42', '19842865', 'PAZ', 'DAVID', '0000-00-00', 'MASCULINO', '', '', '1', '?', '' ),
( '177', '50', '74-81', '21569647', 'MORENO', 'FABIOLA', '0000-00-00', 'FEMENINO', '', '', '1', 'REVISAR (1)', '' ),
( '178', '21', '73A-34', '2276450', 'LOPEZ', 'VIRGINIA', '0000-00-00', 'FEMENINO', '', '', '1', '?', '' ),
( '179', '38', '74-147', '23768689', 'SANCHEZ', 'MARIANYELY', '0000-00-00', 'FEMENINO', '', '', '1', '', '' ),
( '180', '66', '74B-42', '24255621', 'MORALES', 'MARTIN', '0000-00-00', 'MASCULINO', '', '', '1', '', '' ),
( '181', '45', '74-47', '24737207', 'DE GONZALEZ', 'PAOLA', '0000-00-00', 'FEMENINO', '', '', '1', '', '' ),
( '182', '69', '74B-66', '25197937', 'CHIRINO', 'LUIS', '0000-00-00', 'MASCULINO', '', '', '1', '', '' ),
( '183', '48', '74-73', '25406125', 'SIMANCA', 'MARIONA', '0000-00-00', 'FEMENINO', '', '', '1', '', '' ),
( '184', '10', '73A-130', '2785033', 'SANDINO DE S', 'CARMEN', '0000-00-00', 'FEMENINO', '', '', '1', '', '' ),
( '185', '16', '73A-194', '2866921', 'TELLES', 'LUIS A', '0000-00-00', 'MASCULINO', '', '', '1', '', '' ),
( '186', '41', '74-19', '2873136', 'MUÑOZ', 'MIGUEL', '0000-00-00', 'MASCULINO', '', '', '1', '', '' ),
( '187', '34', '74-121', '2875120', 'FERNANDEZ DE OROZCO', 'ALBA', '0000-00-00', 'FEMENINO', '', '', '1', '', '' ),
( '188', '53', '74B-06', '2884114', 'DE PUCHI', 'NANCY', '0000-00-00', 'FEMENINO', '', '', '1', '', '' ),
( '189', '29', '73B-07', '3042677', 'CASTILLO', 'LUIS', '0000-00-00', 'MASCULINO', '', '', '1', 'REVISAR', '' ),
( '190', '8', '73A-118', '3111269', 'DUGARTE', 'ESPERANZA', '0000-00-00', 'FEMENINO', '', '', '1', '', '' ),
( '191', '18', '73A-26', '3114021', 'BRAVO', 'OSINAIRA', '0000-00-00', 'FEMENINO', '', '', '1', '', '' ),
( '192', '60', '74B-126', '3372761', 'VILLALOBOS', 'NUVIA', '0000-00-00', 'FEMENINO', '', '', '1', '?', '' ),
( '193', '65', '74B-30', '3645362', 'CARRILLO', 'SONIA', '0000-00-00', 'FEMENINO', '', '', '1', '', '' ),
( '194', '70', '74B-78', '3652196', 'REYES', 'RODOLFO', '0000-00-00', 'MASCULINO', '', '', '1', 'VAN', '' ),
( '195', '58', '74B-114', '3737911', 'OLMOS', 'ILVA', '0000-00-00', 'FEMENINO', '', '', '1', '', '' ),
( '196', '13', '73A-168', '4152155', 'BOSCAN', 'MIRIAM', '0000-00-00', 'FEMENINO', '', '', '1', '2 GINA', '' ),
( '197', '51', '74-95', '4529294', 'URDANETA', 'BELKYS', '0000-00-00', 'FEMENINO', '', '', '1', '', '' ),
( '198', '27', '73A-80', '4529946', 'SOCORRO', 'HELI A.', '0000-00-00', 'X', '', '', '1', '(DISCAPACITADO) ANTONIO SOCORRO', '' ),
( '199', '57', '74B-102', '4538120', 'ALAÑA', 'ANGEL', '0000-00-00', 'MASCULINO', '', '', '1', 'REVISAR', '' ),
( '200', '35', '74-135', '4743949', 'URDANETA', 'ISABEL', '0000-00-00', 'FEMENINO', '', '', '1', '', '' ),
( '201', '72', '74B-90', '5059792', 'URDANETA', 'EGLES', '0000-00-00', 'FEMENINO', '', '', '1', '', '' ),
( '202', '12', '73A-156', '5170851', 'GONZALEZ', 'LEIDA', '0000-00-00', 'FEMENINO', '', '', '1', '', '' ),
( '203', '56', '74B-102', '5798713', 'COLINA', 'VIVIAN', '0000-00-00', 'FEMENINO', '', '', '1', 'REVISAR', '' ),
( '204', '55', '74B-10', '5819894', 'LUENGO', 'IVAN', '0000-00-00', 'MASCULINO', '', '', '1', '', '' ),
( '205', '42', '74-31', '5826680', 'VALBUENA', 'JORGE', '0000-00-00', 'MASCULINO', '', '', '1', '', '' ),
( '206', '62', '74B-18', '7691849', 'GARCIA', 'VICTOR', '0000-00-00', 'MASCULINO', '', '', '1', '', '' ),
( '207', '33', '74-107', '7714157', 'URDANETA', 'ENZO', '0000-00-00', 'MASCULINO', '', '', '1', '', '' ),
( '208', '32', '74-07', '7793241', 'ARRIETA', 'RENNY', '0000-00-00', 'MASCULINO', '', '', '1', 'REVISAR', '' ),
( '209', '49', '74-81', '7972219', 'FUENMAYOR', 'NELSON', '0000-00-00', 'MASCULINO', '', '', '1', 'REVISAR (1)', '' ),
( '210', '47', '74-73', '8501547', 'GRANADILLO', 'ANELSY', '0000-00-00', 'FEMENINO', '', '', '1', '', '' ),
( '211', '20', '73A-34', '9707711', 'ROSSI', 'NANCY', '0000-00-00', 'FEMENINO', '', '', '1', '?', '' ),
( '212', '1', '67-10', '9715804', 'DE MENDES', 'LISBELLA', '0000-00-00', 'FEMENINO', '', '', '1', '', '' ),
( '213', '37', '74-147', '9717908', 'LEON DE RODRIGUEZ', 'MARIELA', '0000-00-00', 'FEMENINO', '', '', '1', '', '' ),
( '214', '7', '73A-106', '9727755', 'LOPEZ', 'FERNANDO', '0000-00-00', 'MASCULINO', '', '', '1', '', '' ),
( '215', '39', '74-159', '9794884', 'PAZ', 'INES', '0000-00-00', 'FEMENINO', '', '', '1', '', '' );
-- ---------------------------------------------------------


-- Dump data of "datanueva" --------------------------------
REPLACE INTO `datanueva`(`id`,`nro_casa`,`cedula`,`apellidos`,`nombres`,`fecha_nac`,`sexo`,`telefono`,`celular`,`caja_clap`,`observacion`) VALUES 
( '1', '67-10', '9715804', 'DE MENDES', 'LISBELLA', NULL, 'FEMENINO', '', '', '1', '' ),
( '2', '67-10', '16989742', 'PEROZO', 'MARICARMEN', NULL, 'FEMENINO', '', '', '1', '' ),
( '3', '73-49', '13008874', 'BARRIOS', 'MAYBELIN', NULL, 'FEMENINO', '', '', '1', 'REVISAR (3)' ),
( '4', '73-49', '13008876', 'BARRIOS', 'MILAGROS', NULL, 'FEMENINO', '', '', '1', 'REVISAR (3)' ),
( '5', '73-49', '17669414', 'BARRIOS', 'MARGY', NULL, 'FEMENINO', '', '', '1', 'REVISAR (3)' ),
( '6', '73-49', '10421797', 'RODRIGUEZ', 'BERTIMAL', NULL, 'FEMENINO', '', '', '0', 'REVISAR (3)' ),
( '7', '73A-106', '9727755', 'LOPEZ', 'FERNANDO', NULL, 'MASCULINO', '', '', '1', '' ),
( '8', '73A-118', '3111269', 'DUGARTE', 'ESPERANZA', NULL, 'FEMENINO', '', '', '1', '' ),
( '9', '73A-118', '14280131', 'LEON DUGARTE', 'NAIVY', NULL, 'X', '', '', '1', '' ),
( '10', '73A-130', '2785033', 'SANDINO DE S', 'CARMEN', NULL, 'FEMENINO', '', '', '1', '' ),
( '11', '73A-144', '1653975', 'SANCHEZ', 'ELIDA', NULL, 'FEMENINO', '', '', '1', '' ),
( '12', '73A-156', '5170851', 'GONZALEZ', 'LEIDA', NULL, 'FEMENINO', '', '', '1', '' ),
( '13', '73A-168', '4152155', 'BOSCAN', 'MIRIAM', NULL, 'FEMENINO', '', '', '1', '2 GINA' ),
( '14', '73A-168', '16355975', 'BOSCAN', 'RAMIGLAN', NULL, 'X', '', '', '0', '(1)' ),
( '15', '73A-180', '16442899', 'CARDENAS', 'CARLOS', NULL, 'MASCULINO', '', '', '1', '(1)' ),
( '16', '73A-194', '2866921', 'TELLES', 'LUIS A', NULL, 'MASCULINO', '', '', '1', '' ),
( '17', '73A-22', '19072609', 'BRICEÑO', 'MARINER', NULL, 'X', '', '', '1', '' ),
( '18', '73A-26', '3114021', 'BRAVO', 'OSINAIRA', NULL, 'FEMENINO', '', '', '1', '' ),
( '19', '73A-26', '11867995', 'GARCIA', 'BENITA', NULL, 'FEMENINO', '', '', '1', '' ),
( '20', '73A-34', '9707711', 'ROSSI', 'NANCY', NULL, 'FEMENINO', '', '', '1', '?' ),
( '21', '73A-34', '2276450', 'LOPEZ', 'VIRGINIA', NULL, 'FEMENINO', '', '', '1', '?' ),
( '22', '73A-42', '19842865', 'PAZ', 'DAVID', NULL, 'MASCULINO', '', '', '1', '?' ),
( '23', '73A-56', '19704897', 'RINCON', 'OGLIAN', NULL, 'X', '', '', '1', '?' ),
( '24', '73A-56', '10420830', 'DE RINCON', 'ANA', NULL, 'FEMENINO', '', '', '1', '?' ),
( '25', '73A-57', '11298371', 'VARGAS', 'DANISBETH', NULL, 'FEMENINO', '', '', '1', '' ),
( '26', '73A-68', '1650635', 'SAULES', 'HECTOR', NULL, 'MASCULINO', '', '', '1', '' ),
( '27', '73A-80', '4529946', 'SOCORRO', 'HELI A.', NULL, 'X', '', '', '1', '(DISCAPACITADO) ANTONIO SOCORRO' ),
( '28', '73A-94', '10807743', 'PIRELA', 'MONICA', NULL, 'FEMENINO', '', '', '1', '' ),
( '29', '73B-07', '3042677', 'CASTILLO', 'LUIS', NULL, 'MASCULINO', '', '', '1', 'REVISAR' ),
( '30', '73B-07', '16345357', 'AMARANTO', 'YAJAIRA', NULL, 'FEMENINO', '', '', '1', 'REVISAR' ),
( '31', '73B-42', '12218628', 'RODRIGUEZ', 'NUMA', NULL, 'X', '', '', '1', 'REVISAR' ),
( '32', '74-07', '7793241', 'ARRIETA', 'RENNY', NULL, 'MASCULINO', '', '', '1', 'REVISAR' ),
( '33', '74-107', '7714157', 'URDANETA', 'ENZO', NULL, 'MASCULINO', '', '', '1', '' ),
( '34', '74-121', '2875120', 'FERNANDEZ DE OROZCO', 'ALBA', NULL, 'FEMENINO', '', '', '1', '' ),
( '35', '74-135', '4743949', 'URDANETA', 'ISABEL', NULL, 'FEMENINO', '', '', '1', '' ),
( '36', '74-135', '11864387', 'CASTELLANO', 'ENRIQUE', NULL, 'MASCULINO', '', '', '1', '' ),
( '37', '74-147', '9717908', 'LEON DE RODRIGUEZ', 'MARIELA', NULL, 'FEMENINO', '', '', '1', '' ),
( '38', '74-147', '23768689', 'SANCHEZ', 'MARIANYELY', NULL, 'FEMENINO', '', '', '1', '' ),
( '39', '74-159', '9794884', 'PAZ', 'INES', NULL, 'FEMENINO', '', '', '1', '' ),
( '40', '74-19', '10424457', 'MUÑOZ', 'KARINA', NULL, 'FEMENINO', '', '', '1', '' ),
( '41', '74-19', '2873136', 'MUÑOZ', 'MIGUEL', NULL, 'MASCULINO', '', '', '1', '' ),
( '42', '74-31', '5826680', 'VALBUENA', 'JORGE', NULL, 'MASCULINO', '', '', '1', '' ),
( '43', '74-47', '10213879', 'DE GONZALEZ', 'FRANCYS', NULL, 'FEMENINO', '', '', '1', '' ),
( '44', '74-47', '12867679', 'GONZALEZ', 'ALAIN', NULL, 'MASCULINO', '', '', '1', '' ),
( '45', '74-47', '24737207', 'DE GONZALEZ', 'PAOLA', NULL, 'FEMENINO', '', '', '1', '' ),
( '46', '74-57', '11298371', 'VARGAS', 'DANISBETH', NULL, 'FEMENINO', '', '', '1', '' ),
( '47', '74-73', '8501547', 'GRANADILLO', 'ANELSY', NULL, 'FEMENINO', '', '', '1', '' ),
( '48', '74-73', '25406125', 'SIMANCA', 'MARIONA', NULL, 'FEMENINO', '', '', '1', '' ),
( '49', '74-81', '7972219', 'FUENMAYOR', 'NELSON', NULL, 'MASCULINO', '', '', '1', 'REVISAR (1)' ),
( '50', '74-81', '21569647', 'MORENO', 'FABIOLA', NULL, 'FEMENINO', '', '', '1', 'REVISAR (1)' ),
( '51', '74-95', '4529294', 'URDANETA', 'BELKYS', NULL, 'FEMENINO', '', '', '1', '' ),
( '52', '74-95', '17834357', 'PIRELA', 'VANESSA', NULL, 'FEMENINO', '', '', '1', '' ),
( '53', '74B-06', '2884114', 'DE PUCHI', 'NANCY', NULL, 'FEMENINO', '', '', '1', '' ),
( '54', '74B-06', '12098583', 'PUCHI', 'MIGUEL', NULL, 'MASCULINO', '', '', '1', '' ),
( '55', '74B-10', '5819894', 'LUENGO', 'IVAN', NULL, 'MASCULINO', '', '', '1', '' ),
( '56', '74B-102', '5798713', 'COLINA', 'VIVIAN', NULL, 'FEMENINO', '', '', '1', 'REVISAR' ),
( '57', '74B-102', '4538120', 'ALAÑA', 'ANGEL', NULL, 'MASCULINO', '', '', '1', 'REVISAR' ),
( '58', '74B-114', '3737911', 'OLMOS', 'ILVA', NULL, 'FEMENINO', '', '', '1', '' ),
( '59', '74B-114', '15059672', 'ACURERO', 'ANGELICA', NULL, 'FEMENINO', '', '', '1', '' ),
( '60', '74B-126', '3372761', 'VILLALOBOS', 'NUVIA', NULL, 'FEMENINO', '', '', '1', '?' ),
( '61', '74B-126', '12805401', 'VILLALOBOS', 'LEONALDO', NULL, 'MASCULINO', '', '', '0', '?' ),
( '62', '74B-18', '7691849', 'GARCIA', 'VICTOR', NULL, 'MASCULINO', '', '', '1', '' ),
( '63', '74B-18', '18217094', 'GARCIA DE FERRER', 'VANESSA', NULL, 'FEMENINO', '', '', '1', '' ),
( '64', '74B-30', '12135931', 'FERNANDEZ', 'SUGELY', NULL, 'FEMENINO', '', '', '1', '' ),
( '65', '74B-30', '3645362', 'CARRILLO', 'SONIA', NULL, 'FEMENINO', '', '', '1', '' ),
( '66', '74B-42', '24255621', 'MORALES', 'MARTIN', NULL, 'MASCULINO', '', '', '1', '' ),
( '67', '74B-54', '18495143', 'RINCON', 'RONNY', NULL, 'MASCULINO', '', '', '1', '' ),
( '68', '74B-54', '12693793', 'RINCON', 'YIMY', NULL, 'MASCULINO', '', '', '1', '' ),
( '69', '74B-66', '25197937', 'CHIRINO', 'LUIS', NULL, 'MASCULINO', '', '', '1', '' ),
( '70', '74B-78', '3652196', 'REYES', 'RODOLFO', NULL, 'MASCULINO', '', '', '1', 'VAN' ),
( '71', '74B-90', '15727754', 'FERNANDEZ', 'LUIS', NULL, 'MASCULINO', '', '', '0', 'REVISAR' ),
( '72', '74B-90', '5059792', 'URDANETA', 'EGLES', NULL, 'FEMENINO', '', '', '1', '' );
-- ---------------------------------------------------------


-- Dump data of "datavieja" --------------------------------
REPLACE INTO `datavieja`(`id`,`nro_casa`,`cedula`,`apellidos`,`nombres`,`fecha_nac`,`sexo`,`telefono`,`celular`,`observacion`) VALUES 
( '1', '73A-26', '6907503', 'FERMIN PARRA', 'ANTONIO', '1963-05-22', NULL, '0261-7145162', '', '' ),
( '2', '73A-26', '10406323', 'TORREALBA BRAVO', 'MARISOL', '1970-08-04', NULL, '0261-7145162', '', 'EN CHILE' ),
( '3', '73A-26', '3114021', 'DE TORREALBA', 'OMAIRA', '1944-04-10', NULL, '0261-7145162', '', '' ),
( '4', '73A-22', '19072609', 'BRICEÑO', 'MARYNES', '1988-09-21', NULL, '', '0424-1866201', '' ),
( '5', '73A-22', '19625620', 'MEDINA', 'RAINIEL', '1991-07-31', NULL, '', '0424-1866201', '' ),
( '6', '73A-34', '11289972', 'ROSSI', 'NANCY', '1966-04-15', NULL, '0261-7546682', '', 'REVISAR DUPLICIDAD DE NOMBRE' ),
( '7', '73A-34', '7766604', 'URDANETA', 'HECTOR', '1988-03-01', NULL, '0261-7546682', '', '' ),
( '8', '73A-34', '30070026', 'MATHEUS', 'LUCIANA', '2000-12-13', NULL, '0261-7546682', '', '' ),
( '9', '73A-34', '23444029', 'ROSSY', 'NANCY', '1961-05-28', NULL, '0261-7546682', '', 'REVISAR DUPLICIDAD DE NOMBRE' ),
( '10', '73A-42', '20582079', 'GONZALEZ V.', 'LUIS', '1990-05-21', NULL, '0261-7543139', '', '' ),
( '11', '73A-42', '27180455', 'F. BANEZ', 'LUSGLEIDI', '1998-08-12', NULL, '0261-7543139', '', '' ),
( '12', '73A-56', '10445385', 'RINCON VILLEGAS', 'OGLIS E.', '1968-03-14', NULL, '', '', '' ),
( '13', NULL, '10428830', 'GONZALEZ', 'ADA ADELAIDA', '1969-09-25', NULL, '', '', '' ),
( '14', NULL, '19704897', 'RINCON G.', 'OGLIAN ANTONIO', '1990-06-28', NULL, '', '', '' ),
( '15', NULL, '20275546', 'RAMONES', 'DILIBETH M.', '1990-06-24', NULL, '', '', 'CHILE' ),
( '16', '73A-68', '16506635', 'SAULE OSORIO', 'HECTOR FELIPE', '1938-04-15', NULL, '', '', '' ),
( '17', '73A-68', '3508357', 'ROMERO DE SAULE', 'MARIA DOLORES', '1946-05-01', NULL, '0261-7760162', '0416-08603', '' ),
( '18', '73A-68', '9790488', 'SAULE ROMERO', 'MARIA ALEJANDRA', '1970-03-14', NULL, '', '', '' ),
( '19', '73A-68', '11690670', 'SAULES ROMERO', 'JEANNETTE CAROLINA', '1974-06-27', NULL, '', '', '' ),
( '20', '73A-80', '1657689', 'LEON', 'LIDUINA', '1935-05-12', NULL, '', '', '' ),
( '21', '73A-80', '4529946', 'SOCORRO LEON', 'ELI ALBERTO', '1955-11-27', NULL, '', '', '' ),
( '22', '73A-80', '11864265', 'SOCORRO LEON', 'ELI ANTONIO', '1972-07-29', NULL, '', '', '' ),
( '23', '73A-94', '10807743', 'PIRELA QUINTERO', 'MONICA ELENA', '1971-05-24', NULL, '', '', '' ),
( '24', '73A-94', '22475118', 'ARRAGA PIRELA', 'LUIS ALBERTO', '1995-09-11', NULL, '', '', '' ),
( '25', '73A-94', '27972596', 'ARRAGA PIRELA', 'LUIS ALEJANDRO', '2000-12-29', NULL, '', '', '' ),
( '26', '73A-106', '9727755', 'LOPEZ', 'FERNANDO', '1941-01-04', NULL, '', '', '' ),
( '27', '73A-106', '5045739', 'ROJAS DE LOPEZ', 'MARITZA', '1953-10-21', NULL, '0261-7541723', '', '' ),
( '28', '73A-106', '13704714', 'LOPEZ ROJAS', 'MARYOLLY', '1977-11-26', NULL, '0261-7541723', '', '' ),
( '29', '73A-106', '18121798', 'FERNANDEZ LOPEZ ROJAS', 'MARIA', '1985-05-29', NULL, '0261-7541723', '', '' ),
( '30', '73A-118', '3111269', 'DUGARTE LEON', 'ESPERANZA', '1942-08-15', NULL, '0261-7554455', '', '' ),
( '31', '73A-118', '26514736', 'GONZALEZ LEON', 'YULIANYS ESPERANZA', '1998-10-15', NULL, '0261-7554455', '', '' ),
( '32', '73A-118', '14280131', 'LEON DUGARTE', 'NAYRU LOURDES', '1979-06-28', NULL, '0261-7554455', '', 'INVESTIGAR DUPLICIDAD DE NRO DE CEDULA' ),
( '33', '73A-118', '14280131', 'LUGO', 'ALEXANDER JOSE', '1975-12-05', NULL, '0261-7554455', '', 'INVESTIGAR DUPLICIDAD DE NRO DE CEDULA' ),
( '34', '73A-15', '5170851', 'GONZALEZ', 'LEYDA', '1958-08-20', NULL, '', '', '' ),
( '35', '73A-15', '20609383', 'GONZALEZ', 'JONATHAN', '1990-05-02', NULL, '', '', '' ),
( '36', '74-31', '3643846', 'GONZALEZ DE VALBUENA', 'IDA', '1934-11-21', NULL, '', '', '' ),
( '37', '74-31', '4536261', 'VALBUENA GONZALEZ', 'VICTOR MANUEL', '1954-08-22', NULL, '', '', '' ),
( '38', '74-31', '0.000-000', 'VALBUENA GONZALEZ', 'ORLANDO ENRIQUE', '1955-11-10', NULL, '', '', '' ),
( '39', '74-31', '5826680', 'VALVUENA GONZALEZ', 'JORGE LUIS', '1959-02-18', NULL, '', '', '' ),
( '40', '74-31', '6833135', 'VALBUENA GONZALEZ', 'JUAN CARLOS', '1964-03-30', NULL, '', '', '' ),
( '41', '74-73', '3508731', 'DE GRANADILLO', 'ANERSI', '1944-05-17', NULL, '', '', '' ),
( '42', '74-73', '9787159', 'GRANADILLO RINCON', 'ANA LUISA', '1971-11-05', NULL, '', '', '' ),
( '43', '74-73', '25406125', 'SIMANCA GRANADILLO', 'MARIANA', '1996-10-21', NULL, '', '', '' ),
( '44', '74-73', '8501547', 'GRANADILLO RINCON', 'ANELSY', '1967-05-03', NULL, '', '', '' ),
( '45', '74-81', '7972219', 'FUENMAYOR', 'NELSON', '1967-10-10', NULL, '', '', '' ),
( '46', '74-81', '10450607', 'ALAMAO', 'ARELIS', '1971-03-06', NULL, '', '', '' ),
( '47', '74-81', '18987331', 'FUENMAYOR', 'EDUARDO', '1989-01-05', NULL, '', '', 'MUDADOS (MARIA PALENCIA)' ),
( '48', '74-81', '18382774', 'LANDINO', 'PAOLA', '1986-12-12', NULL, '', '', '' ),
( '49', NULL, '0.000-000', 'CARRASQUERO', 'DANIELA DE LOS ANGELES', '2000-06-22', NULL, '', '', '' ),
( '50', NULL, '0.000-000', 'CARRASQUERO', 'GRISTHIAN JOSE', '2003-03-19', NULL, '', '', '' ),
( '51', '74-95', '4529294', 'URDANETA', 'BELKIS NERY', '1954-05-20', NULL, '', '', '' ),
( '52', '74-95', '3573571', 'CARRASQUERO', 'GERARDO', '1945-11-30', NULL, '', '', '' ),
( '53', '74-95', '16188493', 'CARRASQUERO', 'CLIVER RAUA', '1980-09-28', NULL, '', '', '' ),
( '54', '74-95', '17834357', 'PIRELA QUINTERO', 'VANESA KARINA', '1980-10-09', NULL, '', '', '' ),
( '55', '74-47', '10213879', 'DIASZ DE GONZALEZ', 'FRANCY', '1971-05-15', NULL, '', '', '' ),
( '56', '74-47', '10444197', 'GONZALEZ', 'LENNY J.', '1970-09-27', NULL, '', '', '' ),
( '57', '74-47', '0.000-000', 'GONZALEZ', 'LIN M', '1990-02-28', NULL, '', '', '' ),
( '58', '74-47', '20987892', 'GONZALEZ DIAZ', 'FRAN M', '1993-09-27', NULL, '', '', '' ),
( '59', '74-47', '24737207', 'DE GONZALEZ', 'CARMEN', '1993-05-10', NULL, '', '', '' ),
( '60', '74-107', '7714157', 'URDANETA', 'ENZO', '1960-09-20', NULL, '', '', '' ),
( '61', '74-107', '12869524', 'MACHADO', 'ERIKA', '1972-12-24', NULL, '', '', 'NO VIVE EN ESA CASA' ),
( '62', '74-107', '29740055', 'URDANETA', 'ALEJANDRO', '2001-12-18', NULL, '', '', '' ),
( '63', '74-107', '16119265', 'URDANETA', 'RAYMOND', '1980-09-09', NULL, '', '', 'VIVE EN EL BARRIO' ),
( '64', '74-107', '7714158', 'URDANETA', 'YOLANDA', '1963-11-02', NULL, '', '', '(revisar fallecida)' ),
( '65', '74-121', '2875120', 'FERNANDEZ', 'ALBA', '1941-09-03', NULL, '', '', '' ),
( '66', '74-121', '11283705', 'OROZCO', 'LISBELYS', '1973-04-15', NULL, '', '', '' ),
( '67', '74-135', '4473949', 'URDANETA', 'YSABEL', '1944-09-30', NULL, '', '', '' ),
( '68', '74-135', '11864387', 'CASTELLANO', 'ENRIQUE', NULL, NULL, '', '', '' ),
( '69', '74-135', '8700667', 'CASTELLANO', 'MILIUSKA ISABEL', '1968-06-06', NULL, '', '', '' ),
( '70', '74-135', '7972078', 'FERRER MOLINA', 'JOSE FRANCISCO', '1965-01-10', NULL, '', '', 'VIVE EN LA TRINIDAD' ),
( '71', '74-135', '27312335', 'FERRER CASTELLANO', 'EDUARDO ENRIQUE', '1998-03-21', NULL, '', '', '' ),
( '72', NULL, '21357333', 'RODRIGUEZ LEON', 'ENMANUEL D', '1991-07-19', NULL, '', '', '' ),
( '73', NULL, '9717908', 'LEON DE RODRIGUEZ', 'MARIELA GUADALUPE', '1964-10-11', NULL, '', '', '' ),
( '74', '74-159', '9794884', 'PAZ', 'INES', '1968-12-08', NULL, '0261-7781529', '', '' ),
( '75', '74B-114', '3737911', 'OLMOS', 'YLVA', '1948-03-10', NULL, '', '', '' ),
( '76', '74B-114', '15059672', 'ACURERO', 'ANGELICA', '1980-06-13', NULL, '', '', '' ),
( '77', '74B-114', '6833094', 'USTRELLA', 'JOSE EFRAIN', '1962-10-12', NULL, '', '', '' ),
( '78', NULL, '3372761', 'VILLALOBOS', 'NUVIA DEL CARMEN', '1954-07-22', NULL, '0261-7782211', '', '' ),
( '79', '74B-126', '7978677', 'MARCANO', 'ALEXIS JOSE', '1966-05-15', NULL, '', '', '' ),
( '80', '74B-102', '4538120', 'ALAÑA QUINTERO', 'ANGEL EMIRO', '1950-09-29', NULL, '', '', '' ),
( '81', '74B-102', '20379102', 'ALAÑA COLINA', 'MARIANGEL BEATRIZ', '1990-12-03', NULL, '', '', '' ),
( '82', '74B-102', '4516171', 'COLINA MORALES', 'NELLY COROMOTO', '1950-03-29', NULL, '', '', '' ),
( '83', '74B-102', '19311583', 'MOLERO COLINA', 'JESUS ENRIQUE', '1987-01-13', NULL, '', '', 'VIVE EN PERU' ),
( '84', '74B-102', '5798713', 'COLINA MORALES', 'VIVIAN JOSEFINA', '1960-09-03', NULL, '', '', '' ),
( '85', '67-10', '7763158', 'MENDEZ I', 'DANIEL', '1962-09-08', NULL, '0261-7537372', '', '' ),
( '86', '67-10', '9715804', 'ARRIETA DE MENDEZ', 'YSABELLA', '1965-02-12', NULL, '0261-7537372', '', '' ),
( '87', '67-10', '26333712', 'MENDEZ A.', 'DANIELA', '1998-07-27', NULL, '0261-7537372', '', '' ),
( '88', '67-10', '17460586', 'ZAMBRANO', 'JOHENDRY', '1985-05-23', NULL, '0261-7537372', '', '' ),
( '89', '67-10', '16989742', 'PEROZO', 'MARICARMEN', '1983-09-14', NULL, '0261-7537372', '', '' ),
( '90', '74B-07', '16352845', 'CASTILLO', 'LUIS', '1983-04-05', NULL, '', '', 'VIVE EN COLOMBIA' ),
( '91', '74B-07', '16355757', 'AMARANTO', 'YAJAIRA', '1985-02-06', NULL, '', '', '' ),
( '92', '73A-41', '12945818', 'RODRIGUEZ BALLESTA', 'LIBERTO ENRIQUE', '1974-01-13', NULL, '', '', '' ),
( '93', '74-57', '11298371', 'VARGAS', 'DANISBETH', '1972-12-27', NULL, '', '', '' ),
( '94', '74-57', '23861145', 'VARGAS', 'DANIHELY', '1995-10-06', NULL, '', '', '' ),
( '95', '74-57', '27911512', 'AÑEZ', 'DAYAN', '2001-03-28', NULL, '', '', '' ),
( '96', '74-57', '29749077', 'AÑEZ', 'DANIEL', '2002-04-01', NULL, '', '', '' ),
( '97', 'APTO 1', '17230291', 'GARCIA', 'LUIS ALBERTO', '1983-09-05', NULL, '', '', 'VIVE EN CHILE' ),
( '98', 'APTO 1', '13008874', 'BARRIOS', 'MAYBELLIN', '1978-04-25', NULL, '', '', 'VIVE EN CHILE' ),
( '99', 'APTO 1', '10421797', 'RODRIGUEZ', 'BERTHUMAR', '1972-10-17', NULL, '', '', '' ),
( '100', 'APTO 1', '13008876', 'BARRIOS', 'MILAGROS', '1975-01-01', NULL, '', '', '' ),
( '101', NULL, NULL, 'BARRIOS', 'MILANYELA', '2001-11-25', NULL, '', '', '' ),
( '102', NULL, '16989048', 'OROZCO', 'CARLOS', '1984-04-19', NULL, '', '', '' ),
( '103', NULL, '17669414', 'BARRIOS', 'MARYI', '1983-11-16', NULL, '', '', '' ),
( '104', '74-07', '7793242', 'ARRIETA BARRIOS', 'MAXZULY', '1961-09-28', NULL, '', '', 'VIVE EN ECUADOR' ),
( '105', '74-07', '7793241', 'ARRIETA BARRIOS', 'RENY RAMON', '1963-01-25', NULL, '', '', '' ),
( '106', '74-07', '4145127', 'ARRIETA B.', 'MARLENE MERCEDES', '1959-05-24', NULL, '', '', '' ),
( '107', '74-19', '2873136', 'MUÑOZ SALAS', 'MIGUEL IVAN', '1944-09-29', NULL, '', '', '' ),
( '108', '74-19', '4756914', 'SALAS DE MUÑOZ', 'MARIA FELIX', '1950-06-18', NULL, '', '', '' ),
( '109', NULL, '0.000-000', 'MUÑOZ SALAS', 'KARINA MERCEDES', '1971-07-27', NULL, '', '', '' ),
( '110', NULL, '0.000-000', 'PINO MUÑOZ', 'ANGEL IVAN', '1998-08-06', NULL, '', '', '' ),
( '111', '73A-168', '4152155', 'BOSCAN SOTO', 'MIRIAM JOSEFINA', '1950-10-17', NULL, '', '', 'VIVE EN COLOMBIA' ),
( '112', '73A-168', '9003398', 'ARAUJO', 'FRANCISCO JAVIER', '1960-11-03', NULL, '', '', '' ),
( '113', '73A-168', '5381378', 'GONZALEZ LEAL', 'ALEXIS ENRIQUE', '1955-10-13', NULL, '', '', '' ),
( '114', '73A-168', '16355975', 'ARAUJO BOSCAN', 'RAMIRGLAN J', '1984-11-06', NULL, '', '', 'VIVE EN COLOMBIA' ),
( '115', NULL, '0.000-000', NULL, 'MAIRYM DANIELA', '1901-01-01', NULL, '', '', '' ),
( '116', '73A-180', '5163862', 'DE CARDENAS', 'LUISA', '1936-12-12', NULL, '', '', '' ),
( '117', '73A-180', '10442899', 'CARDENAS', 'CARLOS', '1973-01-28', NULL, '', '', '' ),
( '118', '73A-180', '16212275', 'ALDANA', 'RUTH', '1981-08-12', NULL, '', '', '' ),
( '119', '73A-194', '2866921', 'TELLES', 'LUIS ALFONSO', '1944-11-02', NULL, '', '', '' ),
( '120', '74B-06', '1645751', 'PUCHI L', 'VALMORE R', '1936-03-18', NULL, '', '', '' ),
( '121', '74B-06', '2884114', 'DE PUCHI', 'NANCY B', '1946-03-06', NULL, '', '', '' ),
( '122', '74B-18', '7691849', 'GARCIA RODRIGUEZ', 'VICTOR RAFAEL', '1965-04-16', NULL, '', '', '' ),
( '123', '74B-18', '5819894', 'LUENGO CARRASQUERO', 'YVONNE M', '1961-02-23', NULL, '', '', '' ),
( '124', '74B-18', '19626310', 'GARCIA LUENGO', 'VICTOR ARTURO', '1989-04-09', NULL, '', '', '' ),
( '125', '74B-18', '18217094', 'GARCIA LUENGO', 'VANESSA CAROLINA', '1986-11-17', NULL, '', '', '' ),
( '126', '74B-18', '17958697', 'FERRER FIGUEROA', 'DANNY GILBERTO', '1986-10-16', NULL, '', '', '' ),
( '127', '74B-30', '13495578', 'MARQUEZ C.', 'FRANCISCO JAVIER', '1975-05-22', NULL, '', '', '' ),
( '128', '74B-30', '12135931', 'FERNANDEZ V', 'SUBGELIS MARGARITA', '1975-12-14', NULL, '', '', '' ),
( '129', '74B-30', '86618872', 'MARQUEZ FERNANDEZ', 'VICTOR JAVIER', '1998-11-02', NULL, '', '', '' ),
( '130', '74B-30', '30363914', 'MARQUEZ FERNANDEZ', 'DIEGO JAVIER', '2003-11-10', NULL, '', '', '' ),
( '131', '74B-30', '3645362', 'CARRILLO DE MARQUEZ', 'SONIA EDITH', '1947-12-10', NULL, '', '', '' ),
( '132', '74B-30', '23857050', 'BECERRA MARQUEZ', 'RITA VIRGINIA', '1993-02-15', NULL, '', '', '' ),
( '133', '74B-30', '23857050', 'BECERRA MARQUEZ', 'EDWING ENRIQUE', '1993-06-07', NULL, '', '', '' ),
( '134', '74B-42', '7885952', 'MORALES VILLALOBOS', 'FERNANDO JOSE', '1964-09-07', NULL, '', '', '' ),
( '135', '74B-42', '5058610', 'VILLALOBOS MORAN', 'ELAIDI ROSA', '1958-09-21', NULL, '', '', '' ),
( '136', '74B-42', '24255620', 'MORAN VILLAOBOS', 'FERNANDO JOSE', '1994-03-05', NULL, '', '', '' ),
( '137', '74B-42', '24255621', 'MORALES VILLAOBOS', 'MARTIN EDUARDO', '1955-10-04', NULL, '', '', '' ),
( '138', '74B-54', '12693793', 'RINCON', 'JIMMY', '1974-02-22', NULL, '', '', '' ),
( '139', '74B-54', '9778359', 'TORRES DE RINCON', 'DAISY', '1970-09-08', NULL, '', '', '' ),
( '140', '74B-54', '26456016', 'RINCON', 'JEREMY', '1998-09-14', NULL, '', '', '' ),
( '141', '74B-54', '18495743', 'RINCON', 'RONAY', '1986-03-17', NULL, '', '', '' ),
( '142', '74B-54', '12693827', 'RINCON', 'RAFAEL', '1971-06-29', NULL, '', '', '' ),
( '143', '74B-66', '17683072', 'ROMERO', 'FERNANDO', '1985-05-04', NULL, '', '', '' ),
( '144', '74B-66', '13349803', 'CHIRINOS', 'NORYS', '1977-05-11', NULL, '', '', '' ),
( '145', '74B-66', '25197937', 'CHIRINOS', 'LUIS HUMBERTO', '1997-03-22', NULL, '', '', '' ),
( '146', '74B-78', '12712979', 'PERDOMO GIL', 'REMY', '1977-01-17', NULL, '', '', '' ),
( '147', '74B-78', '19645119', 'PEÑA', 'GUSMARY', '1987-10-14', NULL, '', '', '' ),
( '148', '74B-90', '5059792', 'URDANETA', 'EGLIS', '1959-03-19', NULL, '', '', '' );
-- ---------------------------------------------------------


-- Dump data of "estados" ----------------------------------
REPLACE INTO `estados`(`id_estado`,`estado`,`iso_3166-2`) VALUES 
( '1', 'Amazonas', 'VE-X' ),
( '2', 'Anzoátegui', 'VE-B' ),
( '3', 'Apure', 'VE-C' ),
( '4', 'Aragua', 'VE-D' ),
( '5', 'Barinas', 'VE-E' ),
( '6', 'Bolívar', 'VE-F' ),
( '7', 'Carabobo', 'VE-G' ),
( '8', 'Cojedes', 'VE-H' ),
( '9', 'Delta Amacuro', 'VE-Y' ),
( '10', 'Falcón', 'VE-I' ),
( '11', 'Guárico', 'VE-J' ),
( '12', 'Lara', 'VE-K' ),
( '13', 'Mérida', 'VE-L' ),
( '14', 'Miranda', 'VE-M' ),
( '15', 'Monagas', 'VE-N' ),
( '16', 'Nueva Esparta', 'VE-O' ),
( '17', 'Portuguesa', 'VE-P' ),
( '18', 'Sucre', 'VE-R' ),
( '19', 'Táchira', 'VE-S' ),
( '20', 'Trujillo', 'VE-T' ),
( '21', 'Vargas', 'VE-W' ),
( '22', 'Yaracuy', 'VE-U' ),
( '23', 'Zulia', 'VE-V' ),
( '24', 'Distrito Capital', 'VE-A' ),
( '25', 'Dependencias Federales', 'VE-Z' );
-- ---------------------------------------------------------


-- Dump data of "municipios" -------------------------------
REPLACE INTO `municipios`(`id_municipio`,`id_estado`,`municipio`) VALUES 
( '1', '1', 'Alto Orinoco' ),
( '2', '1', 'Atabapo' ),
( '3', '1', 'Atures' ),
( '4', '1', 'Autana' ),
( '5', '1', 'Manapiare' ),
( '6', '1', 'Maroa' ),
( '7', '1', 'Río Negro' ),
( '8', '2', 'Anaco' ),
( '9', '2', 'Aragua' ),
( '10', '2', 'Manuel Ezequiel Bruzual' ),
( '11', '2', 'Diego Bautista Urbaneja' ),
( '12', '2', 'Fernando Peñalver' ),
( '13', '2', 'Francisco Del Carmen Carvajal' ),
( '14', '2', 'General Sir Arthur McGregor' ),
( '15', '2', 'Guanta' ),
( '16', '2', 'Independencia' ),
( '17', '2', 'José Gregorio Monagas' ),
( '18', '2', 'Juan Antonio Sotillo' ),
( '19', '2', 'Juan Manuel Cajigal' ),
( '20', '2', 'Libertad' ),
( '21', '2', 'Francisco de Miranda' ),
( '22', '2', 'Pedro María Freites' ),
( '23', '2', 'Píritu' ),
( '24', '2', 'San José de Guanipa' ),
( '25', '2', 'San Juan de Capistrano' ),
( '26', '2', 'Santa Ana' ),
( '27', '2', 'Simón Bolívar' ),
( '28', '2', 'Simón Rodríguez' ),
( '29', '3', 'Achaguas' ),
( '30', '3', 'Biruaca' ),
( '31', '3', 'Muñóz' ),
( '32', '3', 'Páez' ),
( '33', '3', 'Pedro Camejo' ),
( '34', '3', 'Rómulo Gallegos' ),
( '35', '3', 'San Fernando' ),
( '36', '4', 'Atanasio Girardot' ),
( '37', '4', 'Bolívar' ),
( '38', '4', 'Camatagua' ),
( '39', '4', 'Francisco Linares Alcántara' ),
( '40', '4', 'José Ángel Lamas' ),
( '41', '4', 'José Félix Ribas' ),
( '42', '4', 'José Rafael Revenga' ),
( '43', '4', 'Libertador' ),
( '44', '4', 'Mario Briceño Iragorry' ),
( '45', '4', 'Ocumare de la Costa de Oro' ),
( '46', '4', 'San Casimiro' ),
( '47', '4', 'San Sebastián' ),
( '48', '4', 'Santiago Mariño' ),
( '49', '4', 'Santos Michelena' ),
( '50', '4', 'Sucre' ),
( '51', '4', 'Tovar' ),
( '52', '4', 'Urdaneta' ),
( '53', '4', 'Zamora' ),
( '54', '5', 'Alberto Arvelo Torrealba' ),
( '55', '5', 'Andrés Eloy Blanco' ),
( '56', '5', 'Antonio José de Sucre' ),
( '57', '5', 'Arismendi' ),
( '58', '5', 'Barinas' ),
( '59', '5', 'Bolívar' ),
( '60', '5', 'Cruz Paredes' ),
( '61', '5', 'Ezequiel Zamora' ),
( '62', '5', 'Obispos' ),
( '63', '5', 'Pedraza' ),
( '64', '5', 'Rojas' ),
( '65', '5', 'Sosa' ),
( '66', '6', 'Caroní' ),
( '67', '6', 'Cedeño' ),
( '68', '6', 'El Callao' ),
( '69', '6', 'Gran Sabana' ),
( '70', '6', 'Heres' ),
( '71', '6', 'Piar' ),
( '72', '6', 'Angostura (Raúl Leoni)' ),
( '73', '6', 'Roscio' ),
( '74', '6', 'Sifontes' ),
( '75', '6', 'Sucre' ),
( '76', '6', 'Padre Pedro Chien' ),
( '77', '7', 'Bejuma' ),
( '78', '7', 'Carlos Arvelo' ),
( '79', '7', 'Diego Ibarra' ),
( '80', '7', 'Guacara' ),
( '81', '7', 'Juan José Mora' ),
( '82', '7', 'Libertador' ),
( '83', '7', 'Los Guayos' ),
( '84', '7', 'Miranda' ),
( '85', '7', 'Montalbán' ),
( '86', '7', 'Naguanagua' ),
( '87', '7', 'Puerto Cabello' ),
( '88', '7', 'San Diego' ),
( '89', '7', 'San Joaquín' ),
( '90', '7', 'Valencia' ),
( '91', '8', 'Anzoátegui' ),
( '92', '8', 'Tinaquillo' ),
( '93', '8', 'Girardot' ),
( '94', '8', 'Lima Blanco' ),
( '95', '8', 'Pao de San Juan Bautista' ),
( '96', '8', 'Ricaurte' ),
( '97', '8', 'Rómulo Gallegos' ),
( '98', '8', 'San Carlos' ),
( '99', '8', 'Tinaco' ),
( '100', '9', 'Antonio Díaz' ),
( '101', '9', 'Casacoima' ),
( '102', '9', 'Pedernales' ),
( '103', '9', 'Tucupita' ),
( '104', '10', 'Acosta' ),
( '105', '10', 'Bolívar' ),
( '106', '10', 'Buchivacoa' ),
( '107', '10', 'Cacique Manaure' ),
( '108', '10', 'Carirubana' ),
( '109', '10', 'Colina' ),
( '110', '10', 'Dabajuro' ),
( '111', '10', 'Democracia' ),
( '112', '10', 'Falcón' ),
( '113', '10', 'Federación' ),
( '114', '10', 'Jacura' ),
( '115', '10', 'José Laurencio Silva' ),
( '116', '10', 'Los Taques' ),
( '117', '10', 'Mauroa' ),
( '118', '10', 'Miranda' ),
( '119', '10', 'Monseñor Iturriza' ),
( '120', '10', 'Palmasola' ),
( '121', '10', 'Petit' ),
( '122', '10', 'Píritu' ),
( '123', '10', 'San Francisco' ),
( '124', '10', 'Sucre' ),
( '125', '10', 'Tocópero' ),
( '126', '10', 'Unión' ),
( '127', '10', 'Urumaco' ),
( '128', '10', 'Zamora' ),
( '129', '11', 'Camaguán' ),
( '130', '11', 'Chaguaramas' ),
( '131', '11', 'El Socorro' ),
( '132', '11', 'José Félix Ribas' ),
( '133', '11', 'José Tadeo Monagas' ),
( '134', '11', 'Juan Germán Roscio' ),
( '135', '11', 'Julián Mellado' ),
( '136', '11', 'Las Mercedes' ),
( '137', '11', 'Leonardo Infante' ),
( '138', '11', 'Pedro Zaraza' ),
( '139', '11', 'Ortíz' ),
( '140', '11', 'San Gerónimo de Guayabal' ),
( '141', '11', 'San José de Guaribe' ),
( '142', '11', 'Santa María de Ipire' ),
( '143', '11', 'Sebastián Francisco de Miranda' ),
( '144', '12', 'Andrés Eloy Blanco' ),
( '145', '12', 'Crespo' ),
( '146', '12', 'Iribarren' ),
( '147', '12', 'Jiménez' ),
( '148', '12', 'Morán' ),
( '149', '12', 'Palavecino' ),
( '150', '12', 'Simón Planas' ),
( '151', '12', 'Torres' ),
( '152', '12', 'Urdaneta' ),
( '179', '13', 'Alberto Adriani' ),
( '180', '13', 'Andrés Bello' ),
( '181', '13', 'Antonio Pinto Salinas' ),
( '182', '13', 'Aricagua' ),
( '183', '13', 'Arzobispo Chacón' ),
( '184', '13', 'Campo Elías' ),
( '185', '13', 'Caracciolo Parra Olmedo' ),
( '186', '13', 'Cardenal Quintero' ),
( '187', '13', 'Guaraque' ),
( '188', '13', 'Julio César Salas' ),
( '189', '13', 'Justo Briceño' ),
( '190', '13', 'Libertador' ),
( '191', '13', 'Miranda' ),
( '192', '13', 'Obispo Ramos de Lora' ),
( '193', '13', 'Padre Noguera' ),
( '194', '13', 'Pueblo Llano' ),
( '195', '13', 'Rangel' ),
( '196', '13', 'Rivas Dávila' ),
( '197', '13', 'Santos Marquina' ),
( '198', '13', 'Sucre' ),
( '199', '13', 'Tovar' ),
( '200', '13', 'Tulio Febres Cordero' ),
( '201', '13', 'Zea' ),
( '223', '14', 'Acevedo' ),
( '224', '14', 'Andrés Bello' ),
( '225', '14', 'Baruta' ),
( '226', '14', 'Brión' ),
( '227', '14', 'Buroz' ),
( '228', '14', 'Carrizal' ),
( '229', '14', 'Chacao' ),
( '230', '14', 'Cristóbal Rojas' ),
( '231', '14', 'El Hatillo' ),
( '232', '14', 'Guaicaipuro' ),
( '233', '14', 'Independencia' ),
( '234', '14', 'Lander' ),
( '235', '14', 'Los Salias' ),
( '236', '14', 'Páez' ),
( '237', '14', 'Paz Castillo' ),
( '238', '14', 'Pedro Gual' ),
( '239', '14', 'Plaza' ),
( '240', '14', 'Simón Bolívar' ),
( '241', '14', 'Sucre' ),
( '242', '14', 'Urdaneta' ),
( '243', '14', 'Zamora' ),
( '258', '15', 'Acosta' ),
( '259', '15', 'Aguasay' ),
( '260', '15', 'Bolívar' ),
( '261', '15', 'Caripe' ),
( '262', '15', 'Cedeño' ),
( '263', '15', 'Ezequiel Zamora' ),
( '264', '15', 'Libertador' ),
( '265', '15', 'Maturín' ),
( '266', '15', 'Piar' ),
( '267', '15', 'Punceres' ),
( '268', '15', 'Santa Bárbara' ),
( '269', '15', 'Sotillo' ),
( '270', '15', 'Uracoa' ),
( '271', '16', 'Antolín del Campo' ),
( '272', '16', 'Arismendi' ),
( '273', '16', 'García' ),
( '274', '16', 'Gómez' ),
( '275', '16', 'Maneiro' ),
( '276', '16', 'Marcano' ),
( '277', '16', 'Mariño' ),
( '278', '16', 'Península de Macanao' ),
( '279', '16', 'Tubores' ),
( '280', '16', 'Villalba' ),
( '281', '16', 'Díaz' ),
( '282', '17', 'Agua Blanca' ),
( '283', '17', 'Araure' ),
( '284', '17', 'Esteller' ),
( '285', '17', 'Guanare' ),
( '286', '17', 'Guanarito' ),
( '287', '17', 'Monseñor José Vicente de Unda' ),
( '288', '17', 'Ospino' ),
( '289', '17', 'Páez' ),
( '290', '17', 'Papelón' ),
( '291', '17', 'San Genaro de Boconoíto' ),
( '292', '17', 'San Rafael de Onoto' ),
( '293', '17', 'Santa Rosalía' ),
( '294', '17', 'Sucre' ),
( '295', '17', 'Turén' ),
( '296', '18', 'Andrés Eloy Blanco' ),
( '297', '18', 'Andrés Mata' ),
( '298', '18', 'Arismendi' ),
( '299', '18', 'Benítez' ),
( '300', '18', 'Bermúdez' ),
( '301', '18', 'Bolívar' ),
( '302', '18', 'Cajigal' ),
( '303', '18', 'Cruz Salmerón Acosta' ),
( '304', '18', 'Libertador' ),
( '305', '18', 'Mariño' ),
( '306', '18', 'Mejía' ),
( '307', '18', 'Montes' ),
( '308', '18', 'Ribero' ),
( '309', '18', 'Sucre' ),
( '310', '18', 'Valdéz' ),
( '341', '19', 'Andrés Bello' ),
( '342', '19', 'Antonio Rómulo Costa' ),
( '343', '19', 'Ayacucho' ),
( '344', '19', 'Bolívar' ),
( '345', '19', 'Cárdenas' ),
( '346', '19', 'Córdoba' ),
( '347', '19', 'Fernández Feo' ),
( '348', '19', 'Francisco de Miranda' ),
( '349', '19', 'García de Hevia' ),
( '350', '19', 'Guásimos' ),
( '351', '19', 'Independencia' ),
( '352', '19', 'Jáuregui' ),
( '353', '19', 'José María Vargas' ),
( '354', '19', 'Junín' ),
( '355', '19', 'Libertad' ),
( '356', '19', 'Libertador' ),
( '357', '19', 'Lobatera' ),
( '358', '19', 'Michelena' ),
( '359', '19', 'Panamericano' ),
( '360', '19', 'Pedro María Ureña' ),
( '361', '19', 'Rafael Urdaneta' ),
( '362', '19', 'Samuel Darío Maldonado' ),
( '363', '19', 'San Cristóbal' ),
( '364', '19', 'Seboruco' ),
( '365', '19', 'Simón Rodríguez' ),
( '366', '19', 'Sucre' ),
( '367', '19', 'Torbes' ),
( '368', '19', 'Uribante' ),
( '369', '19', 'San Judas Tadeo' ),
( '370', '20', 'Andrés Bello' ),
( '371', '20', 'Boconó' ),
( '372', '20', 'Bolívar' ),
( '373', '20', 'Candelaria' ),
( '374', '20', 'Carache' ),
( '375', '20', 'Escuque' ),
( '376', '20', 'José Felipe Márquez Cañizalez' ),
( '377', '20', 'Juan Vicente Campos Elías' ),
( '378', '20', 'La Ceiba' ),
( '379', '20', 'Miranda' ),
( '380', '20', 'Monte Carmelo' ),
( '381', '20', 'Motatán' ),
( '382', '20', 'Pampán' ),
( '383', '20', 'Pampanito' ),
( '384', '20', 'Rafael Rangel' ),
( '385', '20', 'San Rafael de Carvajal' ),
( '386', '20', 'Sucre' ),
( '387', '20', 'Trujillo' ),
( '388', '20', 'Urdaneta' ),
( '389', '20', 'Valera' ),
( '390', '21', 'Vargas' ),
( '391', '22', 'Arístides Bastidas' ),
( '392', '22', 'Bolívar' ),
( '407', '22', 'Bruzual' ),
( '408', '22', 'Cocorote' ),
( '409', '22', 'Independencia' ),
( '410', '22', 'José Antonio Páez' ),
( '411', '22', 'La Trinidad' ),
( '412', '22', 'Manuel Monge' ),
( '413', '22', 'Nirgua' ),
( '414', '22', 'Peña' ),
( '415', '22', 'San Felipe' ),
( '416', '22', 'Sucre' ),
( '417', '22', 'Urachiche' ),
( '418', '22', 'José Joaquín Veroes' ),
( '441', '23', 'Almirante Padilla' ),
( '442', '23', 'Baralt' ),
( '443', '23', 'Cabimas' ),
( '444', '23', 'Catatumbo' ),
( '445', '23', 'Colón' ),
( '446', '23', 'Francisco Javier Pulgar' ),
( '447', '23', 'Páez' ),
( '448', '23', 'Jesús Enrique Losada' ),
( '449', '23', 'Jesús María Semprún' ),
( '450', '23', 'La Cañada de Urdaneta' ),
( '451', '23', 'Lagunillas' ),
( '452', '23', 'Machiques de Perijá' ),
( '453', '23', 'Mara' ),
( '454', '23', 'Maracaibo' ),
( '455', '23', 'Miranda' ),
( '456', '23', 'Rosario de Perijá' ),
( '457', '23', 'San Francisco' ),
( '458', '23', 'Santa Rita' ),
( '459', '23', 'Simón Bolívar' ),
( '460', '23', 'Sucre' ),
( '461', '23', 'Valmore Rodríguez' ),
( '462', '24', 'Libertador' );
-- ---------------------------------------------------------


-- Dump data of "parroquias" -------------------------------
REPLACE INTO `parroquias`(`id_parroquia`,`id_municipio`,`parroquia`) VALUES 
( '1', '1', 'Alto Orinoco' ),
( '2', '1', 'Huachamacare Acanaña' ),
( '3', '1', 'Marawaka Toky Shamanaña' ),
( '4', '1', 'Mavaka Mavaka' ),
( '5', '1', 'Sierra Parima Parimabé' ),
( '6', '2', 'Ucata Laja Lisa' ),
( '7', '2', 'Yapacana Macuruco' ),
( '8', '2', 'Caname Guarinuma' ),
( '9', '3', 'Fernando Girón Tovar' ),
( '10', '3', 'Luis Alberto Gómez' ),
( '11', '3', 'Pahueña Limón de Parhueña' ),
( '12', '3', 'Platanillal Platanillal' ),
( '13', '4', 'Samariapo' ),
( '14', '4', 'Sipapo' ),
( '15', '4', 'Munduapo' ),
( '16', '4', 'Guayapo' ),
( '17', '5', 'Alto Ventuari' ),
( '18', '5', 'Medio Ventuari' ),
( '19', '5', 'Bajo Ventuari' ),
( '20', '6', 'Victorino' ),
( '21', '6', 'Comunidad' ),
( '22', '7', 'Casiquiare' ),
( '23', '7', 'Cocuy' ),
( '24', '7', 'San Carlos de Río Negro' ),
( '25', '7', 'Solano' ),
( '26', '8', 'Anaco' ),
( '27', '8', 'San Joaquín' ),
( '28', '9', 'Cachipo' ),
( '29', '9', 'Aragua de Barcelona' ),
( '30', '11', 'Lechería' ),
( '31', '11', 'El Morro' ),
( '32', '12', 'Puerto Píritu' ),
( '33', '12', 'San Miguel' ),
( '34', '12', 'Sucre' ),
( '35', '13', 'Valle de Guanape' ),
( '36', '13', 'Santa Bárbara' ),
( '37', '14', 'El Chaparro' ),
( '38', '14', 'Tomás Alfaro' ),
( '39', '14', 'Calatrava' ),
( '40', '15', 'Guanta' ),
( '41', '15', 'Chorrerón' ),
( '42', '16', 'Mamo' ),
( '43', '16', 'Soledad' ),
( '44', '17', 'Mapire' ),
( '45', '17', 'Piar' ),
( '46', '17', 'Santa Clara' ),
( '47', '17', 'San Diego de Cabrutica' ),
( '48', '17', 'Uverito' ),
( '49', '17', 'Zuata' ),
( '50', '18', 'Puerto La Cruz' ),
( '51', '18', 'Pozuelos' ),
( '52', '19', 'Onoto' ),
( '53', '19', 'San Pablo' ),
( '54', '20', 'San Mateo' ),
( '55', '20', 'El Carito' ),
( '56', '20', 'Santa Inés' ),
( '57', '20', 'La Romereña' ),
( '58', '21', 'Atapirire' ),
( '59', '21', 'Boca del Pao' ),
( '60', '21', 'El Pao' ),
( '61', '21', 'Pariaguán' ),
( '62', '22', 'Cantaura' ),
( '63', '22', 'Libertador' ),
( '64', '22', 'Santa Rosa' ),
( '65', '22', 'Urica' ),
( '66', '23', 'Píritu' ),
( '67', '23', 'San Francisco' ),
( '68', '24', 'San José de Guanipa' ),
( '69', '25', 'Boca de Uchire' ),
( '70', '25', 'Boca de Chávez' ),
( '71', '26', 'Pueblo Nuevo' ),
( '72', '26', 'Santa Ana' ),
( '73', '27', 'Bergantín' ),
( '74', '27', 'Caigua' ),
( '75', '27', 'El Carmen' ),
( '76', '27', 'El Pilar' ),
( '77', '27', 'Naricual' ),
( '78', '27', 'San Crsitóbal' ),
( '79', '28', 'Edmundo Barrios' ),
( '80', '28', 'Miguel Otero Silva' ),
( '81', '29', 'Achaguas' ),
( '82', '29', 'Apurito' ),
( '83', '29', 'El Yagual' ),
( '84', '29', 'Guachara' ),
( '85', '29', 'Mucuritas' ),
( '86', '29', 'Queseras del medio' ),
( '87', '30', 'Biruaca' ),
( '88', '31', 'Bruzual' ),
( '89', '31', 'Mantecal' ),
( '90', '31', 'Quintero' ),
( '91', '31', 'Rincón Hondo' ),
( '92', '31', 'San Vicente' ),
( '93', '32', 'Guasdualito' ),
( '94', '32', 'Aramendi' ),
( '95', '32', 'El Amparo' ),
( '96', '32', 'San Camilo' ),
( '97', '32', 'Urdaneta' ),
( '98', '33', 'San Juan de Payara' ),
( '99', '33', 'Codazzi' ),
( '100', '33', 'Cunaviche' ),
( '101', '34', 'Elorza' ),
( '102', '34', 'La Trinidad' ),
( '103', '35', 'San Fernando' ),
( '104', '35', 'El Recreo' ),
( '105', '35', 'Peñalver' ),
( '106', '35', 'San Rafael de Atamaica' ),
( '107', '36', 'Pedro José Ovalles' ),
( '108', '36', 'Joaquín Crespo' ),
( '109', '36', 'José Casanova Godoy' ),
( '110', '36', 'Madre María de San José' ),
( '111', '36', 'Andrés Eloy Blanco' ),
( '112', '36', 'Los Tacarigua' ),
( '113', '36', 'Las Delicias' ),
( '114', '36', 'Choroní' ),
( '115', '37', 'Bolívar' ),
( '116', '38', 'Camatagua' ),
( '117', '38', 'Carmen de Cura' ),
( '118', '39', 'Santa Rita' ),
( '119', '39', 'Francisco de Miranda' ),
( '120', '39', 'Moseñor Feliciano González' ),
( '121', '40', 'Santa Cruz' ),
( '122', '41', 'José Félix Ribas' ),
( '123', '41', 'Castor Nieves Ríos' ),
( '124', '41', 'Las Guacamayas' ),
( '125', '41', 'Pao de Zárate' ),
( '126', '41', 'Zuata' ),
( '127', '42', 'José Rafael Revenga' ),
( '128', '43', 'Palo Negro' ),
( '129', '43', 'San Martín de Porres' ),
( '130', '44', 'El Limón' ),
( '131', '44', 'Caña de Azúcar' ),
( '132', '45', 'Ocumare de la Costa' ),
( '133', '46', 'San Casimiro' ),
( '134', '46', 'Güiripa' ),
( '135', '46', 'Ollas de Caramacate' ),
( '136', '46', 'Valle Morín' ),
( '137', '47', 'San Sebastían' ),
( '138', '48', 'Turmero' ),
( '139', '48', 'Arevalo Aponte' ),
( '140', '48', 'Chuao' ),
( '141', '48', 'Samán de Güere' ),
( '142', '48', 'Alfredo Pacheco Miranda' ),
( '143', '49', 'Santos Michelena' ),
( '144', '49', 'Tiara' ),
( '145', '50', 'Cagua' ),
( '146', '50', 'Bella Vista' ),
( '147', '51', 'Tovar' ),
( '148', '52', 'Urdaneta' ),
( '149', '52', 'Las Peñitas' ),
( '150', '52', 'San Francisco de Cara' ),
( '151', '52', 'Taguay' ),
( '152', '53', 'Zamora' ),
( '153', '53', 'Magdaleno' ),
( '154', '53', 'San Francisco de Asís' ),
( '155', '53', 'Valles de Tucutunemo' ),
( '156', '53', 'Augusto Mijares' ),
( '157', '54', 'Sabaneta' ),
( '158', '54', 'Juan Antonio Rodríguez Domínguez' ),
( '159', '55', 'El Cantón' ),
( '160', '55', 'Santa Cruz de Guacas' ),
( '161', '55', 'Puerto Vivas' ),
( '162', '56', 'Ticoporo' ),
( '163', '56', 'Nicolás Pulido' ),
( '164', '56', 'Andrés Bello' ),
( '165', '57', 'Arismendi' ),
( '166', '57', 'Guadarrama' ),
( '167', '57', 'La Unión' ),
( '168', '57', 'San Antonio' ),
( '169', '58', 'Barinas' ),
( '170', '58', 'Alberto Arvelo Larriva' ),
( '171', '58', 'San Silvestre' ),
( '172', '58', 'Santa Inés' ),
( '173', '58', 'Santa Lucía' ),
( '174', '58', 'Torumos' ),
( '175', '58', 'El Carmen' ),
( '176', '58', 'Rómulo Betancourt' ),
( '177', '58', 'Corazón de Jesús' ),
( '178', '58', 'Ramón Ignacio Méndez' ),
( '179', '58', 'Alto Barinas' ),
( '180', '58', 'Manuel Palacio Fajardo' ),
( '181', '58', 'Juan Antonio Rodríguez Domínguez' ),
( '182', '58', 'Dominga Ortiz de Páez' ),
( '183', '59', 'Barinitas' ),
( '184', '59', 'Altamira de Cáceres' ),
( '185', '59', 'Calderas' ),
( '186', '60', 'Barrancas' ),
( '187', '60', 'El Socorro' ),
( '188', '60', 'Mazparrito' ),
( '189', '61', 'Santa Bárbara' ),
( '190', '61', 'Pedro Briceño Méndez' ),
( '191', '61', 'Ramón Ignacio Méndez' ),
( '192', '61', 'José Ignacio del Pumar' ),
( '193', '62', 'Obispos' ),
( '194', '62', 'Guasimitos' ),
( '195', '62', 'El Real' ),
( '196', '62', 'La Luz' ),
( '197', '63', 'Ciudad Bolívia' ),
( '198', '63', 'José Ignacio Briceño' ),
( '199', '63', 'José Félix Ribas' ),
( '200', '63', 'Páez' ),
( '201', '64', 'Libertad' ),
( '202', '64', 'Dolores' ),
( '203', '64', 'Santa Rosa' ),
( '204', '64', 'Palacio Fajardo' ),
( '205', '65', 'Ciudad de Nutrias' ),
( '206', '65', 'El Regalo' ),
( '207', '65', 'Puerto Nutrias' ),
( '208', '65', 'Santa Catalina' ),
( '209', '66', 'Cachamay' ),
( '210', '66', 'Chirica' ),
( '211', '66', 'Dalla Costa' ),
( '212', '66', 'Once de Abril' ),
( '213', '66', 'Simón Bolívar' ),
( '214', '66', 'Unare' ),
( '215', '66', 'Universidad' ),
( '216', '66', 'Vista al Sol' ),
( '217', '66', 'Pozo Verde' ),
( '218', '66', 'Yocoima' ),
( '219', '66', '5 de Julio' ),
( '220', '67', 'Cedeño' ),
( '221', '67', 'Altagracia' ),
( '222', '67', 'Ascensión Farreras' ),
( '223', '67', 'Guaniamo' ),
( '224', '67', 'La Urbana' ),
( '225', '67', 'Pijiguaos' ),
( '226', '68', 'El Callao' ),
( '227', '69', 'Gran Sabana' ),
( '228', '69', 'Ikabarú' ),
( '229', '70', 'Catedral' ),
( '230', '70', 'Zea' ),
( '231', '70', 'Orinoco' ),
( '232', '70', 'José Antonio Páez' ),
( '233', '70', 'Marhuanta' ),
( '234', '70', 'Agua Salada' ),
( '235', '70', 'Vista Hermosa' ),
( '236', '70', 'La Sabanita' ),
( '237', '70', 'Panapana' ),
( '238', '71', 'Andrés Eloy Blanco' ),
( '239', '71', 'Pedro Cova' ),
( '240', '72', 'Raúl Leoni' ),
( '241', '72', 'Barceloneta' ),
( '242', '72', 'Santa Bárbara' ),
( '243', '72', 'San Francisco' ),
( '244', '73', 'Roscio' ),
( '245', '73', 'Salóm' ),
( '246', '74', 'Sifontes' ),
( '247', '74', 'Dalla Costa' ),
( '248', '74', 'San Isidro' ),
( '249', '75', 'Sucre' ),
( '250', '75', 'Aripao' ),
( '251', '75', 'Guarataro' ),
( '252', '75', 'Las Majadas' ),
( '253', '75', 'Moitaco' ),
( '254', '76', 'Padre Pedro Chien' ),
( '255', '76', 'Río Grande' ),
( '256', '77', 'Bejuma' ),
( '257', '77', 'Canoabo' ),
( '258', '77', 'Simón Bolívar' ),
( '259', '78', 'Güigüe' ),
( '260', '78', 'Carabobo' ),
( '261', '78', 'Tacarigua' ),
( '262', '79', 'Mariara' ),
( '263', '79', 'Aguas Calientes' ),
( '264', '80', 'Ciudad Alianza' ),
( '265', '80', 'Guacara' ),
( '266', '80', 'Yagua' ),
( '267', '81', 'Morón' ),
( '268', '81', 'Yagua' ),
( '269', '82', 'Tocuyito' ),
( '270', '82', 'Independencia' ),
( '271', '83', 'Los Guayos' ),
( '272', '84', 'Miranda' ),
( '273', '85', 'Montalbán' ),
( '274', '86', 'Naguanagua' ),
( '275', '87', 'Bartolomé Salóm' ),
( '276', '87', 'Democracia' ),
( '277', '87', 'Fraternidad' ),
( '278', '87', 'Goaigoaza' ),
( '279', '87', 'Juan José Flores' ),
( '280', '87', 'Unión' ),
( '281', '87', 'Borburata' ),
( '282', '87', 'Patanemo' ),
( '283', '88', 'San Diego' ),
( '284', '89', 'San Joaquín' ),
( '285', '90', 'Candelaria' ),
( '286', '90', 'Catedral' ),
( '287', '90', 'El Socorro' ),
( '288', '90', 'Miguel Peña' ),
( '289', '90', 'Rafael Urdaneta' ),
( '290', '90', 'San Blas' ),
( '291', '90', 'San José' ),
( '292', '90', 'Santa Rosa' ),
( '293', '90', 'Negro Primero' ),
( '294', '91', 'Cojedes' ),
( '295', '91', 'Juan de Mata Suárez' ),
( '296', '92', 'Tinaquillo' ),
( '297', '93', 'El Baúl' ),
( '298', '93', 'Sucre' ),
( '299', '94', 'La Aguadita' ),
( '300', '94', 'Macapo' ),
( '301', '95', 'El Pao' ),
( '302', '96', 'El Amparo' ),
( '303', '96', 'Libertad de Cojedes' ),
( '304', '97', 'Rómulo Gallegos' ),
( '305', '98', 'San Carlos de Austria' ),
( '306', '98', 'Juan Ángel Bravo' ),
( '307', '98', 'Manuel Manrique' ),
( '308', '99', 'General en Jefe José Laurencio Silva' ),
( '309', '100', 'Curiapo' ),
( '310', '100', 'Almirante Luis Brión' ),
( '311', '100', 'Francisco Aniceto Lugo' ),
( '312', '100', 'Manuel Renaud' ),
( '313', '100', 'Padre Barral' ),
( '314', '100', 'Santos de Abelgas' ),
( '315', '101', 'Imataca' ),
( '316', '101', 'Cinco de Julio' ),
( '317', '101', 'Juan Bautista Arismendi' ),
( '318', '101', 'Manuel Piar' ),
( '319', '101', 'Rómulo Gallegos' ),
( '320', '102', 'Pedernales' ),
( '321', '102', 'Luis Beltrán Prieto Figueroa' ),
( '322', '103', 'San José (Delta Amacuro)' ),
( '323', '103', 'José Vidal Marcano' ),
( '324', '103', 'Juan Millán' ),
( '325', '103', 'Leonardo Ruíz Pineda' ),
( '326', '103', 'Mariscal Antonio José de Sucre' ),
( '327', '103', 'Monseñor Argimiro García' ),
( '328', '103', 'San Rafael (Delta Amacuro)' ),
( '329', '103', 'Virgen del Valle' ),
( '330', '10', 'Clarines' ),
( '331', '10', 'Guanape' ),
( '332', '10', 'Sabana de Uchire' ),
( '333', '104', 'Capadare' ),
( '334', '104', 'La Pastora' ),
( '335', '104', 'Libertador' ),
( '336', '104', 'San Juan de los Cayos' ),
( '337', '105', 'Aracua' ),
( '338', '105', 'La Peña' ),
( '339', '105', 'San Luis' ),
( '340', '106', 'Bariro' ),
( '341', '106', 'Borojó' ),
( '342', '106', 'Capatárida' ),
( '343', '106', 'Guajiro' ),
( '344', '106', 'Seque' ),
( '345', '106', 'Zazárida' ),
( '346', '106', 'Valle de Eroa' ),
( '347', '107', 'Cacique Manaure' ),
( '348', '108', 'Norte' ),
( '349', '108', 'Carirubana' ),
( '350', '108', 'Santa Ana' ),
( '351', '108', 'Urbana Punta Cardón' ),
( '352', '109', 'La Vela de Coro' ),
( '353', '109', 'Acurigua' ),
( '354', '109', 'Guaibacoa' ),
( '355', '109', 'Las Calderas' ),
( '356', '109', 'Macoruca' ),
( '357', '110', 'Dabajuro' ),
( '358', '111', 'Agua Clara' ),
( '359', '111', 'Avaria' ),
( '360', '111', 'Pedregal' ),
( '361', '111', 'Piedra Grande' ),
( '362', '111', 'Purureche' ),
( '363', '112', 'Adaure' ),
( '364', '112', 'Adícora' ),
( '365', '112', 'Baraived' ),
( '366', '112', 'Buena Vista' ),
( '367', '112', 'Jadacaquiva' ),
( '368', '112', 'El Vínculo' ),
( '369', '112', 'El Hato' ),
( '370', '112', 'Moruy' ),
( '371', '112', 'Pueblo Nuevo' ),
( '372', '113', 'Agua Larga' ),
( '373', '113', 'El Paují' ),
( '374', '113', 'Independencia' ),
( '375', '113', 'Mapararí' ),
( '376', '114', 'Agua Linda' ),
( '377', '114', 'Araurima' ),
( '378', '114', 'Jacura' ),
( '379', '115', 'Tucacas' ),
( '380', '115', 'Boca de Aroa' ),
( '381', '116', 'Los Taques' ),
( '382', '116', 'Judibana' ),
( '383', '117', 'Mene de Mauroa' ),
( '384', '117', 'San Félix' ),
( '385', '117', 'Casigua' ),
( '386', '118', 'Guzmán Guillermo' ),
( '387', '118', 'Mitare' ),
( '388', '118', 'Río Seco' ),
( '389', '118', 'Sabaneta' ),
( '390', '118', 'San Antonio' ),
( '391', '118', 'San Gabriel' ),
( '392', '118', 'Santa Ana' ),
( '393', '119', 'Boca del Tocuyo' ),
( '394', '119', 'Chichiriviche' ),
( '395', '119', 'Tocuyo de la Costa' ),
( '396', '120', 'Palmasola' ),
( '397', '121', 'Cabure' ),
( '398', '121', 'Colina' ),
( '399', '121', 'Curimagua' ),
( '400', '122', 'San José de la Costa' ),
( '401', '122', 'Píritu' ),
( '402', '123', 'San Francisco' ),
( '403', '124', 'Sucre' ),
( '404', '124', 'Pecaya' ),
( '405', '125', 'Tocópero' ),
( '406', '126', 'El Charal' ),
( '407', '126', 'Las Vegas del Tuy' ),
( '408', '126', 'Santa Cruz de Bucaral' ),
( '409', '127', 'Bruzual' ),
( '410', '127', 'Urumaco' ),
( '411', '128', 'Puerto Cumarebo' ),
( '412', '128', 'La Ciénaga' ),
( '413', '128', 'La Soledad' ),
( '414', '128', 'Pueblo Cumarebo' ),
( '415', '128', 'Zazárida' ),
( '416', '113', 'Churuguara' ),
( '417', '129', 'Camaguán' ),
( '418', '129', 'Puerto Miranda' ),
( '419', '129', 'Uverito' ),
( '420', '130', 'Chaguaramas' ),
( '421', '131', 'El Socorro' ),
( '422', '132', 'Tucupido' ),
( '423', '132', 'San Rafael de Laya' ),
( '424', '133', 'Altagracia de Orituco' ),
( '425', '133', 'San Rafael de Orituco' ),
( '426', '133', 'San Francisco Javier de Lezama' ),
( '427', '133', 'Paso Real de Macaira' ),
( '428', '133', 'Carlos Soublette' ),
( '429', '133', 'San Francisco de Macaira' ),
( '430', '133', 'Libertad de Orituco' ),
( '431', '134', 'Cantaclaro' ),
( '432', '134', 'San Juan de los Morros' ),
( '433', '134', 'Parapara' ),
( '434', '135', 'El Sombrero' ),
( '435', '135', 'Sosa' ),
( '436', '136', 'Las Mercedes' ),
( '437', '136', 'Cabruta' ),
( '438', '136', 'Santa Rita de Manapire' ),
( '439', '137', 'Valle de la Pascua' ),
( '440', '137', 'Espino' ),
( '441', '138', 'San José de Unare' ),
( '442', '138', 'Zaraza' ),
( '443', '139', 'San José de Tiznados' ),
( '444', '139', 'San Francisco de Tiznados' ),
( '445', '139', 'San Lorenzo de Tiznados' ),
( '446', '139', 'Ortiz' ),
( '447', '140', 'Guayabal' ),
( '448', '140', 'Cazorla' ),
( '449', '141', 'San José de Guaribe' ),
( '450', '141', 'Uveral' ),
( '451', '142', 'Santa María de Ipire' ),
( '452', '142', 'Altamira' ),
( '453', '143', 'El Calvario' ),
( '454', '143', 'El Rastro' ),
( '455', '143', 'Guardatinajas' ),
( '456', '143', 'Capital Urbana Calabozo' ),
( '457', '144', 'Quebrada Honda de Guache' ),
( '458', '144', 'Pío Tamayo' ),
( '459', '144', 'Yacambú' ),
( '460', '145', 'Fréitez' ),
( '461', '145', 'José María Blanco' ),
( '462', '146', 'Catedral' ),
( '463', '146', 'Concepción' ),
( '464', '146', 'El Cují' ),
( '465', '146', 'Juan de Villegas' ),
( '466', '146', 'Santa Rosa' ),
( '467', '146', 'Tamaca' ),
( '468', '146', 'Unión' ),
( '469', '146', 'Aguedo Felipe Alvarado' ),
( '470', '146', 'Buena Vista' ),
( '471', '146', 'Juárez' ),
( '472', '147', 'Juan Bautista Rodríguez' ),
( '473', '147', 'Cuara' ),
( '474', '147', 'Diego de Lozada' ),
( '475', '147', 'Paraíso de San José' ),
( '476', '147', 'San Miguel' ),
( '477', '147', 'Tintorero' ),
( '478', '147', 'José Bernardo Dorante' ),
( '479', '147', 'Coronel Mariano Peraza ' ),
( '480', '148', 'Bolívar' ),
( '481', '148', 'Anzoátegui' ),
( '482', '148', 'Guarico' ),
( '483', '148', 'Hilario Luna y Luna' ),
( '484', '148', 'Humocaro Alto' ),
( '485', '148', 'Humocaro Bajo' ),
( '486', '148', 'La Candelaria' ),
( '487', '148', 'Morán' ),
( '488', '149', 'Cabudare' ),
( '489', '149', 'José Gregorio Bastidas' ),
( '490', '149', 'Agua Viva' ),
( '491', '150', 'Sarare' ),
( '492', '150', 'Buría' ),
( '493', '150', 'Gustavo Vegas León' ),
( '494', '151', 'Trinidad Samuel' ),
( '495', '151', 'Antonio Díaz' ),
( '496', '151', 'Camacaro' ),
( '497', '151', 'Castañeda' ),
( '498', '151', 'Cecilio Zubillaga' ),
( '499', '151', 'Chiquinquirá' ),
( '500', '151', 'El Blanco' ),
( '501', '151', 'Espinoza de los Monteros' ),
( '502', '151', 'Lara' ),
( '503', '151', 'Las Mercedes' ),
( '504', '151', 'Manuel Morillo' ),
( '505', '151', 'Montaña Verde' ),
( '506', '151', 'Montes de Oca' ),
( '507', '151', 'Torres' ),
( '508', '151', 'Heriberto Arroyo' ),
( '509', '151', 'Reyes Vargas' ),
( '510', '151', 'Altagracia' ),
( '511', '152', 'Siquisique' ),
( '512', '152', 'Moroturo' ),
( '513', '152', 'San Miguel' ),
( '514', '152', 'Xaguas' ),
( '515', '179', 'Presidente Betancourt' ),
( '516', '179', 'Presidente Páez' ),
( '517', '179', 'Presidente Rómulo Gallegos' ),
( '518', '179', 'Gabriel Picón González' ),
( '519', '179', 'Héctor Amable Mora' ),
( '520', '179', 'José Nucete Sardi' ),
( '521', '179', 'Pulido Méndez' ),
( '522', '180', 'La Azulita' ),
( '523', '181', 'Santa Cruz de Mora' ),
( '524', '181', 'Mesa Bolívar' ),
( '525', '181', 'Mesa de Las Palmas' ),
( '526', '182', 'Aricagua' ),
( '527', '182', 'San Antonio' ),
( '528', '183', 'Canagua' ),
( '529', '183', 'Capurí' ),
( '530', '183', 'Chacantá' ),
( '531', '183', 'El Molino' ),
( '532', '183', 'Guaimaral' ),
( '533', '183', 'Mucutuy' ),
( '534', '183', 'Mucuchachí' ),
( '535', '184', 'Fernández Peña' ),
( '536', '184', 'Matriz' ),
( '537', '184', 'Montalbán' ),
( '538', '184', 'Acequias' ),
( '539', '184', 'Jají' ),
( '540', '184', 'La Mesa' ),
( '541', '184', 'San José del Sur' ),
( '542', '185', 'Tucaní' ),
( '543', '185', 'Florencio Ramírez' ),
( '544', '186', 'Santo Domingo' ),
( '545', '186', 'Las Piedras' ),
( '546', '187', 'Guaraque' ),
( '547', '187', 'Mesa de Quintero' ),
( '548', '187', 'Río Negro' ),
( '549', '188', 'Arapuey' ),
( '550', '188', 'Palmira' ),
( '551', '189', 'San Cristóbal de Torondoy' ),
( '552', '189', 'Torondoy' ),
( '553', '190', 'Antonio Spinetti Dini' ),
( '554', '190', 'Arias' ),
( '555', '190', 'Caracciolo Parra Pérez' ),
( '556', '190', 'Domingo Peña' ),
( '557', '190', 'El Llano' ),
( '558', '190', 'Gonzalo Picón Febres' ),
( '559', '190', 'Jacinto Plaza' ),
( '560', '190', 'Juan Rodríguez Suárez' ),
( '561', '190', 'Lasso de la Vega' ),
( '562', '190', 'Mariano Picón Salas' ),
( '563', '190', 'Milla' ),
( '564', '190', 'Osuna Rodríguez' ),
( '565', '190', 'Sagrario' ),
( '566', '190', 'El Morro' ),
( '567', '190', 'Los Nevados' ),
( '568', '191', 'Andrés Eloy Blanco' ),
( '569', '191', 'La Venta' ),
( '570', '191', 'Piñango' ),
( '571', '191', 'Timotes' ),
( '572', '192', 'Eloy Paredes' ),
( '573', '192', 'San Rafael de Alcázar' ),
( '574', '192', 'Santa Elena de Arenales' ),
( '575', '193', 'Santa María de Caparo' ),
( '576', '194', 'Pueblo Llano' ),
( '577', '195', 'Cacute' ),
( '578', '195', 'La Toma' ),
( '579', '195', 'Mucuchíes' ),
( '580', '195', 'Mucurubá' ),
( '581', '195', 'San Rafael' ),
( '582', '196', 'Gerónimo Maldonado' ),
( '583', '196', 'Bailadores' ),
( '584', '197', 'Tabay' ),
( '585', '198', 'Chiguará' ),
( '586', '198', 'Estánquez' ),
( '587', '198', 'Lagunillas' ),
( '588', '198', 'La Trampa' ),
( '589', '198', 'Pueblo Nuevo del Sur' ),
( '590', '198', 'San Juan' ),
( '591', '199', 'El Amparo' ),
( '592', '199', 'El Llano' ),
( '593', '199', 'San Francisco' ),
( '594', '199', 'Tovar' ),
( '595', '200', 'Independencia' ),
( '596', '200', 'María de la Concepción Palacios Blanco' ),
( '597', '200', 'Nueva Bolivia' ),
( '598', '200', 'Santa Apolonia' ),
( '599', '201', 'Caño El Tigre' ),
( '600', '201', 'Zea' ),
( '601', '223', 'Aragüita' ),
( '602', '223', 'Arévalo González' ),
( '603', '223', 'Capaya' ),
( '604', '223', 'Caucagua' ),
( '605', '223', 'Panaquire' ),
( '606', '223', 'Ribas' ),
( '607', '223', 'El Café' ),
( '608', '223', 'Marizapa' ),
( '609', '224', 'Cumbo' ),
( '610', '224', 'San José de Barlovento' ),
( '611', '225', 'El Cafetal' ),
( '612', '225', 'Las Minas' ),
( '613', '225', 'Nuestra Señora del Rosario' ),
( '614', '226', 'Higuerote' ),
( '615', '226', 'Curiepe' ),
( '616', '226', 'Tacarigua de Brión' ),
( '617', '227', 'Mamporal' ),
( '618', '228', 'Carrizal' ),
( '619', '229', 'Chacao' ),
( '620', '230', 'Charallave' ),
( '621', '230', 'Las Brisas' ),
( '622', '231', 'El Hatillo' ),
( '623', '232', 'Altagracia de la Montaña' ),
( '624', '232', 'Cecilio Acosta' ),
( '625', '232', 'Los Teques' ),
( '626', '232', 'El Jarillo' ),
( '627', '232', 'San Pedro' ),
( '628', '232', 'Tácata' ),
( '629', '232', 'Paracotos' ),
( '630', '233', 'Cartanal' ),
( '631', '233', 'Santa Teresa del Tuy' ),
( '632', '234', 'La Democracia' ),
( '633', '234', 'Ocumare del Tuy' ),
( '634', '234', 'Santa Bárbara' ),
( '635', '235', 'San Antonio de los Altos' ),
( '636', '236', 'Río Chico' ),
( '637', '236', 'El Guapo' ),
( '638', '236', 'Tacarigua de la Laguna' ),
( '639', '236', 'Paparo' ),
( '640', '236', 'San Fernando del Guapo' ),
( '641', '237', 'Santa Lucía del Tuy' ),
( '642', '238', 'Cúpira' ),
( '643', '238', 'Machurucuto' ),
( '644', '239', 'Guarenas' ),
( '645', '240', 'San Antonio de Yare' ),
( '646', '240', 'San Francisco de Yare' ),
( '647', '241', 'Leoncio Martínez' ),
( '648', '241', 'Petare' ),
( '649', '241', 'Caucagüita' ),
( '650', '241', 'Filas de Mariche' ),
( '651', '241', 'La Dolorita' ),
( '652', '242', 'Cúa' ),
( '653', '242', 'Nueva Cúa' ),
( '654', '243', 'Guatire' ),
( '655', '243', 'Bolívar' ),
( '656', '258', 'San Antonio de Maturín' ),
( '657', '258', 'San Francisco de Maturín' ),
( '658', '259', 'Aguasay' ),
( '659', '260', 'Caripito' ),
( '660', '261', 'El Guácharo' ),
( '661', '261', 'La Guanota' ),
( '662', '261', 'Sabana de Piedra' ),
( '663', '261', 'San Agustín' ),
( '664', '261', 'Teresen' ),
( '665', '261', 'Caripe' ),
( '666', '262', 'Areo' ),
( '667', '262', 'Capital Cedeño' ),
( '668', '262', 'San Félix de Cantalicio' ),
( '669', '262', 'Viento Fresco' ),
( '670', '263', 'El Tejero' ),
( '671', '263', 'Punta de Mata' ),
( '672', '264', 'Chaguaramas' ),
( '673', '264', 'Las Alhuacas' ),
( '674', '264', 'Tabasca' ),
( '675', '264', 'Temblador' ),
( '676', '265', 'Alto de los Godos' ),
( '677', '265', 'Boquerón' ),
( '678', '265', 'Las Cocuizas' ),
( '679', '265', 'La Cruz' ),
( '680', '265', 'San Simón' ),
( '681', '265', 'El Corozo' ),
( '682', '265', 'El Furrial' ),
( '683', '265', 'Jusepín' ),
( '684', '265', 'La Pica' ),
( '685', '265', 'San Vicente' ),
( '686', '266', 'Aparicio' ),
( '687', '266', 'Aragua de Maturín' ),
( '688', '266', 'Chaguamal' ),
( '689', '266', 'El Pinto' ),
( '690', '266', 'Guanaguana' ),
( '691', '266', 'La Toscana' ),
( '692', '266', 'Taguaya' ),
( '693', '267', 'Cachipo' ),
( '694', '267', 'Quiriquire' ),
( '695', '268', 'Santa Bárbara' ),
( '696', '269', 'Barrancas' ),
( '697', '269', 'Los Barrancos de Fajardo' ),
( '698', '270', 'Uracoa' ),
( '699', '271', 'Antolín del Campo' ),
( '700', '272', 'Arismendi' ),
( '701', '273', 'García' ),
( '702', '273', 'Francisco Fajardo' ),
( '703', '274', 'Bolívar' ),
( '704', '274', 'Guevara' ),
( '705', '274', 'Matasiete' ),
( '706', '274', 'Santa Ana' ),
( '707', '274', 'Sucre' ),
( '708', '275', 'Aguirre' ),
( '709', '275', 'Maneiro' ),
( '710', '276', 'Adrián' ),
( '711', '276', 'Juan Griego' ),
( '712', '276', 'Yaguaraparo' ),
( '713', '277', 'Porlamar' ),
( '714', '278', 'San Francisco de Macanao' ),
( '715', '278', 'Boca de Río' ),
( '716', '279', 'Tubores' ),
( '717', '279', 'Los Baleales' ),
( '718', '280', 'Vicente Fuentes' ),
( '719', '280', 'Villalba' ),
( '720', '281', 'San Juan Bautista' ),
( '721', '281', 'Zabala' ),
( '722', '283', 'Capital Araure' ),
( '723', '283', 'Río Acarigua' ),
( '724', '284', 'Capital Esteller' ),
( '725', '284', 'Uveral' ),
( '726', '285', 'Guanare' ),
( '727', '285', 'Córdoba' ),
( '728', '285', 'San José de la Montaña' ),
( '729', '285', 'San Juan de Guanaguanare' ),
( '730', '285', 'Virgen de la Coromoto' ),
( '731', '286', 'Guanarito' ),
( '732', '286', 'Trinidad de la Capilla' ),
( '733', '286', 'Divina Pastora' ),
( '734', '287', 'Monseñor José Vicente de Unda' ),
( '735', '287', 'Peña Blanca' ),
( '736', '288', 'Capital Ospino' ),
( '737', '288', 'Aparición' ),
( '738', '288', 'La Estación' ),
( '739', '289', 'Páez' ),
( '740', '289', 'Payara' ),
( '741', '289', 'Pimpinela' ),
( '742', '289', 'Ramón Peraza' ),
( '743', '290', 'Papelón' ),
( '744', '290', 'Caño Delgadito' ),
( '745', '291', 'San Genaro de Boconoito' ),
( '746', '291', 'Antolín Tovar' ),
( '747', '292', 'San Rafael de Onoto' ),
( '748', '292', 'Santa Fe' ),
( '749', '292', 'Thermo Morles' ),
( '750', '293', 'Santa Rosalía' ),
( '751', '293', 'Florida' ),
( '752', '294', 'Sucre' ),
( '753', '294', 'Concepción' ),
( '754', '294', 'San Rafael de Palo Alzado' ),
( '755', '294', 'Uvencio Antonio Velásquez' ),
( '756', '294', 'San José de Saguaz' ),
( '757', '294', 'Villa Rosa' ),
( '758', '295', 'Turén' ),
( '759', '295', 'Canelones' ),
( '760', '295', 'Santa Cruz' ),
( '761', '295', 'San Isidro Labrador' ),
( '762', '296', 'Mariño' ),
( '763', '296', 'Rómulo Gallegos' ),
( '764', '297', 'San José de Aerocuar' ),
( '765', '297', 'Tavera Acosta' ),
( '766', '298', 'Río Caribe' ),
( '767', '298', 'Antonio José de Sucre' ),
( '768', '298', 'El Morro de Puerto Santo' ),
( '769', '298', 'Puerto Santo' ),
( '770', '298', 'San Juan de las Galdonas' ),
( '771', '299', 'El Pilar' ),
( '772', '299', 'El Rincón' ),
( '773', '299', 'General Francisco Antonio Váquez' ),
( '774', '299', 'Guaraúnos' ),
( '775', '299', 'Tunapuicito' ),
( '776', '299', 'Unión' ),
( '777', '300', 'Santa Catalina' ),
( '778', '300', 'Santa Rosa' ),
( '779', '300', 'Santa Teresa' ),
( '780', '300', 'Bolívar' ),
( '781', '300', 'Maracapana' ),
( '782', '302', 'Libertad' ),
( '783', '302', 'El Paujil' ),
( '784', '302', 'Yaguaraparo' ),
( '785', '303', 'Cruz Salmerón Acosta' ),
( '786', '303', 'Chacopata' ),
( '787', '303', 'Manicuare' ),
( '788', '304', 'Tunapuy' ),
( '789', '304', 'Campo Elías' ),
( '790', '305', 'Irapa' ),
( '791', '305', 'Campo Claro' ),
( '792', '305', 'Maraval' ),
( '793', '305', 'San Antonio de Irapa' ),
( '794', '305', 'Soro' ),
( '795', '306', 'Mejía' ),
( '796', '307', 'Cumanacoa' ),
( '797', '307', 'Arenas' ),
( '798', '307', 'Aricagua' ),
( '799', '307', 'Cogollar' ),
( '800', '307', 'San Fernando' ),
( '801', '307', 'San Lorenzo' ),
( '802', '308', 'Villa Frontado (Muelle de Cariaco)' ),
( '803', '308', 'Catuaro' ),
( '804', '308', 'Rendón' ),
( '805', '308', 'San Cruz' ),
( '806', '308', 'Santa María' ),
( '807', '309', 'Altagracia' ),
( '808', '309', 'Santa Inés' ),
( '809', '309', 'Valentín Valiente' ),
( '810', '309', 'Ayacucho' ),
( '811', '309', 'San Juan' ),
( '812', '309', 'Raúl Leoni' ),
( '813', '309', 'Gran Mariscal' ),
( '814', '310', 'Cristóbal Colón' ),
( '815', '310', 'Bideau' ),
( '816', '310', 'Punta de Piedras' ),
( '817', '310', 'Güiria' ),
( '818', '341', 'Andrés Bello' ),
( '819', '342', 'Antonio Rómulo Costa' ),
( '820', '343', 'Ayacucho' ),
( '821', '343', 'Rivas Berti' ),
( '822', '343', 'San Pedro del Río' ),
( '823', '344', 'Bolívar' ),
( '824', '344', 'Palotal' ),
( '825', '344', 'General Juan Vicente Gómez' ),
( '826', '344', 'Isaías Medina Angarita' ),
( '827', '345', 'Cárdenas' ),
( '828', '345', 'Amenodoro Ángel Lamus' ),
( '829', '345', 'La Florida' ),
( '830', '346', 'Córdoba' ),
( '831', '347', 'Fernández Feo' ),
( '832', '347', 'Alberto Adriani' ),
( '833', '347', 'Santo Domingo' ),
( '834', '348', 'Francisco de Miranda' ),
( '835', '349', 'García de Hevia' ),
( '836', '349', 'Boca de Grita' ),
( '837', '349', 'José Antonio Páez' ),
( '838', '350', 'Guásimos' ),
( '839', '351', 'Independencia' ),
( '840', '351', 'Juan Germán Roscio' ),
( '841', '351', 'Román Cárdenas' ),
( '842', '352', 'Jáuregui' ),
( '843', '352', 'Emilio Constantino Guerrero' ),
( '844', '352', 'Monseñor Miguel Antonio Salas' ),
( '845', '353', 'José María Vargas' ),
( '846', '354', 'Junín' ),
( '847', '354', 'La Petrólea' ),
( '848', '354', 'Quinimarí' ),
( '849', '354', 'Bramón' ),
( '850', '355', 'Libertad' ),
( '851', '355', 'Cipriano Castro' ),
( '852', '355', 'Manuel Felipe Rugeles' ),
( '853', '356', 'Libertador' ),
( '854', '356', 'Doradas' ),
( '855', '356', 'Emeterio Ochoa' ),
( '856', '356', 'San Joaquín de Navay' ),
( '857', '357', 'Lobatera' ),
( '858', '357', 'Constitución' ),
( '859', '358', 'Michelena' ),
( '860', '359', 'Panamericano' ),
( '861', '359', 'La Palmita' ),
( '862', '360', 'Pedro María Ureña' ),
( '863', '360', 'Nueva Arcadia' ),
( '864', '361', 'Delicias' ),
( '865', '361', 'Pecaya' ),
( '866', '362', 'Samuel Darío Maldonado' ),
( '867', '362', 'Boconó' ),
( '868', '362', 'Hernández' ),
( '869', '363', 'La Concordia' ),
( '870', '363', 'San Juan Bautista' ),
( '871', '363', 'Pedro María Morantes' ),
( '872', '363', 'San Sebastián' ),
( '873', '363', 'Dr. Francisco Romero Lobo' ),
( '874', '364', 'Seboruco' ),
( '875', '365', 'Simón Rodríguez' ),
( '876', '366', 'Sucre' ),
( '877', '366', 'Eleazar López Contreras' ),
( '878', '366', 'San Pablo' ),
( '879', '367', 'Torbes' ),
( '880', '368', 'Uribante' ),
( '881', '368', 'Cárdenas' ),
( '882', '368', 'Juan Pablo Peñalosa' ),
( '883', '368', 'Potosí' ),
( '884', '369', 'San Judas Tadeo' ),
( '885', '370', 'Araguaney' ),
( '886', '370', 'El Jaguito' ),
( '887', '370', 'La Esperanza' ),
( '888', '370', 'Santa Isabel' ),
( '889', '371', 'Boconó' ),
( '890', '371', 'El Carmen' ),
( '891', '371', 'Mosquey' ),
( '892', '371', 'Ayacucho' ),
( '893', '371', 'Burbusay' ),
( '894', '371', 'General Ribas' ),
( '895', '371', 'Guaramacal' ),
( '896', '371', 'Vega de Guaramacal' ),
( '897', '371', 'Monseñor Jáuregui' ),
( '898', '371', 'Rafael Rangel' ),
( '899', '371', 'San Miguel' ),
( '900', '371', 'San José' ),
( '901', '372', 'Sabana Grande' ),
( '902', '372', 'Cheregüé' ),
( '903', '372', 'Granados' ),
( '904', '373', 'Arnoldo Gabaldón' ),
( '905', '373', 'Bolivia' ),
( '906', '373', 'Carrillo' ),
( '907', '373', 'Cegarra' ),
( '908', '373', 'Chejendé' ),
( '909', '373', 'Manuel Salvador Ulloa' ),
( '910', '373', 'San José' ),
( '911', '374', 'Carache' ),
( '912', '374', 'La Concepción' ),
( '913', '374', 'Cuicas' ),
( '914', '374', 'Panamericana' ),
( '915', '374', 'Santa Cruz' ),
( '916', '375', 'Escuque' ),
( '917', '375', 'La Unión' ),
( '918', '375', 'Santa Rita' ),
( '919', '375', 'Sabana Libre' ),
( '920', '376', 'El Socorro' ),
( '921', '376', 'Los Caprichos' ),
( '922', '376', 'Antonio José de Sucre' ),
( '923', '377', 'Campo Elías' ),
( '924', '377', 'Arnoldo Gabaldón' ),
( '925', '378', 'Santa Apolonia' ),
( '926', '378', 'El Progreso' ),
( '927', '378', 'La Ceiba' ),
( '928', '378', 'Tres de Febrero' ),
( '929', '379', 'El Dividive' ),
( '930', '379', 'Agua Santa' ),
( '931', '379', 'Agua Caliente' ),
( '932', '379', 'El Cenizo' ),
( '933', '379', 'Valerita' ),
( '934', '380', 'Monte Carmelo' ),
( '935', '380', 'Buena Vista' ),
( '936', '380', 'Santa María del Horcón' ),
( '937', '381', 'Motatán' ),
( '938', '381', 'El Baño' ),
( '939', '381', 'Jalisco' ),
( '940', '382', 'Pampán' ),
( '941', '382', 'Flor de Patria' ),
( '942', '382', 'La Paz' ),
( '943', '382', 'Santa Ana' ),
( '944', '383', 'Pampanito' ),
( '945', '383', 'La Concepción' ),
( '946', '383', 'Pampanito II' ),
( '947', '384', 'Betijoque' ),
( '948', '384', 'José Gregorio Hernández' ),
( '949', '384', 'La Pueblita' ),
( '950', '384', 'Los Cedros' ),
( '951', '385', 'Carvajal' ),
( '952', '385', 'Campo Alegre' ),
( '953', '385', 'Antonio Nicolás Briceño' ),
( '954', '385', 'José Leonardo Suárez' ),
( '955', '386', 'Sabana de Mendoza' ),
( '956', '386', 'Junín' ),
( '957', '386', 'Valmore Rodríguez' ),
( '958', '386', 'El Paraíso' ),
( '959', '387', 'Andrés Linares' ),
( '960', '387', 'Chiquinquirá' ),
( '961', '387', 'Cristóbal Mendoza' ),
( '962', '387', 'Cruz Carrillo' ),
( '963', '387', 'Matriz' ),
( '964', '387', 'Monseñor Carrillo' ),
( '965', '387', 'Tres Esquinas' ),
( '966', '388', 'Cabimbú' ),
( '967', '388', 'Jajó' ),
( '968', '388', 'La Mesa de Esnujaque' ),
( '969', '388', 'Santiago' ),
( '970', '388', 'Tuñame' ),
( '971', '388', 'La Quebrada' ),
( '972', '389', 'Juan Ignacio Montilla' ),
( '973', '389', 'La Beatriz' ),
( '974', '389', 'La Puerta' ),
( '975', '389', 'Mendoza del Valle de Momboy' ),
( '976', '389', 'Mercedes Díaz' ),
( '977', '389', 'San Luis' ),
( '978', '390', 'Caraballeda' ),
( '979', '390', 'Carayaca' ),
( '980', '390', 'Carlos Soublette' ),
( '981', '390', 'Caruao Chuspa' ),
( '982', '390', 'Catia La Mar' ),
( '983', '390', 'El Junko' ),
( '984', '390', 'La Guaira' ),
( '985', '390', 'Macuto' ),
( '986', '390', 'Maiquetía' ),
( '987', '390', 'Naiguatá' ),
( '988', '390', 'Urimare' ),
( '989', '391', 'Arístides Bastidas' ),
( '990', '392', 'Bolívar' ),
( '991', '407', 'Chivacoa' ),
( '992', '407', 'Campo Elías' ),
( '993', '408', 'Cocorote' ),
( '994', '409', 'Independencia' ),
( '995', '410', 'José Antonio Páez' ),
( '996', '411', 'La Trinidad' ),
( '997', '412', 'Manuel Monge' ),
( '998', '413', 'Salóm' ),
( '999', '413', 'Temerla' ),
( '1000', '413', 'Nirgua' ),
( '1001', '414', 'San Andrés' ),
( '1002', '414', 'Yaritagua' ),
( '1003', '415', 'San Javier' ),
( '1004', '415', 'Albarico' ),
( '1005', '415', 'San Felipe' ),
( '1006', '416', 'Sucre' ),
( '1007', '417', 'Urachiche' ),
( '1008', '418', 'El Guayabo' ),
( '1009', '418', 'Farriar' ),
( '1010', '441', 'Isla de Toas' ),
( '1011', '441', 'Monagas' ),
( '1012', '442', 'San Timoteo' ),
( '1013', '442', 'General Urdaneta' ),
( '1014', '442', 'Libertador' ),
( '1015', '442', 'Marcelino Briceño' ),
( '1016', '442', 'Pueblo Nuevo' ),
( '1017', '442', 'Manuel Guanipa Matos' ),
( '1018', '443', 'Ambrosio' ),
( '1019', '443', 'Carmen Herrera' ),
( '1020', '443', 'La Rosa' ),
( '1021', '443', 'Germán Ríos Linares' ),
( '1022', '443', 'San Benito' ),
( '1023', '443', 'Rómulo Betancourt' ),
( '1024', '443', 'Jorge Hernández' ),
( '1025', '443', 'Punta Gorda' ),
( '1026', '443', 'Arístides Calvani' ),
( '1027', '444', 'Encontrados' ),
( '1028', '444', 'Udón Pérez' ),
( '1029', '445', 'Moralito' ),
( '1030', '445', 'San Carlos del Zulia' ),
( '1031', '445', 'Santa Cruz del Zulia' ),
( '1032', '445', 'Santa Bárbara' ),
( '1033', '445', 'Urribarrí' ),
( '1034', '446', 'Carlos Quevedo' ),
( '1035', '446', 'Francisco Javier Pulgar' ),
( '1036', '446', 'Simón Rodríguez' ),
( '1037', '446', 'Guamo-Gavilanes' ),
( '1038', '448', 'La Concepción' ),
( '1039', '448', 'San José' ),
( '1040', '448', 'Mariano Parra León' ),
( '1041', '448', 'José Ramón Yépez' ),
( '1042', '449', 'Jesús María Semprún' ),
( '1043', '449', 'Barí' ),
( '1044', '450', 'Concepción' ),
( '1045', '450', 'Andrés Bello' ),
( '1046', '450', 'Chiquinquirá' ),
( '1047', '450', 'El Carmelo' ),
( '1048', '450', 'Potreritos' ),
( '1049', '451', 'Libertad' ),
( '1050', '451', 'Alonso de Ojeda' ),
( '1051', '451', 'Venezuela' ),
( '1052', '451', 'Eleazar López Contreras' ),
( '1053', '451', 'Campo Lara' ),
( '1054', '452', 'Bartolomé de las Casas' ),
( '1055', '452', 'Libertad' ),
( '1056', '452', 'Río Negro' ),
( '1057', '452', 'San José de Perijá' ),
( '1058', '453', 'San Rafael' ),
( '1059', '453', 'La Sierrita' ),
( '1060', '453', 'Las Parcelas' ),
( '1061', '453', 'Luis de Vicente' ),
( '1062', '453', 'Monseñor Marcos Sergio Godoy' ),
( '1063', '453', 'Ricaurte' ),
( '1064', '453', 'Tamare' ),
( '1065', '454', 'Antonio Borjas Romero' ),
( '1066', '454', 'Bolívar' ),
( '1067', '454', 'Cacique Mara' ),
( '1068', '454', 'Carracciolo Parra Pérez' ),
( '1069', '454', 'Cecilio Acosta' ),
( '1070', '454', 'Cristo de Aranza' ),
( '1071', '454', 'Coquivacoa' ),
( '1072', '454', 'Chiquinquirá' ),
( '1073', '454', 'Francisco Eugenio Bustamante' ),
( '1074', '454', 'Idelfonzo Vásquez' ),
( '1075', '454', 'Juana de Ávila' ),
( '1076', '454', 'Luis Hurtado Higuera' ),
( '1077', '454', 'Manuel Dagnino' ),
( '1078', '454', 'Olegario Villalobos' ),
( '1079', '454', 'Raúl Leoni' ),
( '1080', '454', 'Santa Lucía' ),
( '1081', '454', 'Venancio Pulgar' ),
( '1082', '454', 'San Isidro' ),
( '1083', '455', 'Altagracia' ),
( '1084', '455', 'Faría' ),
( '1085', '455', 'Ana María Campos' ),
( '1086', '455', 'San Antonio' ),
( '1087', '455', 'San José' ),
( '1088', '456', 'Donaldo García' ),
( '1089', '456', 'El Rosario' ),
( '1090', '456', 'Sixto Zambrano' ),
( '1091', '457', 'San Francisco' ),
( '1092', '457', 'El Bajo' ),
( '1093', '457', 'Domitila Flores' ),
( '1094', '457', 'Francisco Ochoa' ),
( '1095', '457', 'Los Cortijos' ),
( '1096', '457', 'Marcial Hernández' ),
( '1097', '458', 'Santa Rita' ),
( '1098', '458', 'El Mene' ),
( '1099', '458', 'Pedro Lucas Urribarrí' ),
( '1100', '458', 'José Cenobio Urribarrí' ),
( '1101', '459', 'Rafael Maria Baralt' ),
( '1102', '459', 'Manuel Manrique' ),
( '1103', '459', 'Rafael Urdaneta' ),
( '1104', '460', 'Bobures' ),
( '1105', '460', 'Gibraltar' ),
( '1106', '460', 'Heras' ),
( '1107', '460', 'Monseñor Arturo Álvarez' ),
( '1108', '460', 'Rómulo Gallegos' ),
( '1109', '460', 'El Batey' ),
( '1110', '461', 'Rafael Urdaneta' ),
( '1111', '461', 'La Victoria' ),
( '1112', '461', 'Raúl Cuenca' ),
( '1113', '447', 'Sinamaica' ),
( '1114', '447', 'Alta Guajira' ),
( '1115', '447', 'Elías Sánchez Rubio' ),
( '1116', '447', 'Guajira' ),
( '1117', '462', 'Altagracia' ),
( '1118', '462', 'Antímano' ),
( '1119', '462', 'Caricuao' ),
( '1120', '462', 'Catedral' ),
( '1121', '462', 'Coche' ),
( '1122', '462', 'El Junquito' ),
( '1123', '462', 'El Paraíso' ),
( '1124', '462', 'El Recreo' ),
( '1125', '462', 'El Valle' ),
( '1126', '462', 'La Candelaria' ),
( '1127', '462', 'La Pastora' ),
( '1128', '462', 'La Vega' ),
( '1129', '462', 'Macarao' ),
( '1130', '462', 'San Agustín' ),
( '1131', '462', 'San Bernardino' ),
( '1132', '462', 'San José' ),
( '1133', '462', 'San Juan' ),
( '1134', '462', 'San Pedro' ),
( '1135', '462', 'Santa Rosalía' ),
( '1136', '462', 'Santa Teresa' ),
( '1137', '462', 'Sucre (Catia)' ),
( '1138', '462', '23 de enero' );
-- ---------------------------------------------------------


-- CREATE INDEX "id_estado" ------------------------------------
CREATE INDEX `id_estado` USING BTREE ON `ciudades`( `id_estado` );
-- -------------------------------------------------------------


-- CREATE INDEX "Index_1" --------------------------------------
CREATE INDEX `Index_1` USING BTREE ON `datanueva`( `id` );
-- -------------------------------------------------------------


-- CREATE INDEX "Index_1" --------------------------------------
CREATE INDEX `Index_1` USING BTREE ON `datavieja`( `id` );
-- -------------------------------------------------------------


-- CREATE INDEX "id_estado" ------------------------------------
CREATE INDEX `id_estado` USING BTREE ON `municipios`( `id_estado` );
-- -------------------------------------------------------------


-- CREATE INDEX "id_municipio" ---------------------------------
CREATE INDEX `id_municipio` USING BTREE ON `parroquias`( `id_municipio` );
-- -------------------------------------------------------------


-- CREATE LINK "ciudades_ibfk_1" -------------------------------
ALTER TABLE `ciudades`
	ADD CONSTRAINT `ciudades_ibfk_1` FOREIGN KEY ( `id_estado` )
	REFERENCES `estados`( `id_estado` )
	ON DELETE Cascade
	ON UPDATE Cascade;
-- -------------------------------------------------------------


-- CREATE LINK "municipios_ibfk_1" -----------------------------
ALTER TABLE `municipios`
	ADD CONSTRAINT `municipios_ibfk_1` FOREIGN KEY ( `id_estado` )
	REFERENCES `estados`( `id_estado` )
	ON DELETE Cascade
	ON UPDATE Cascade;
-- -------------------------------------------------------------


-- CREATE LINK "parroquias_ibfk_1" -----------------------------
ALTER TABLE `parroquias`
	ADD CONSTRAINT `parroquias_ibfk_1` FOREIGN KEY ( `id_municipio` )
	REFERENCES `municipios`( `id_municipio` )
	ON DELETE Cascade
	ON UPDATE Cascade;
-- -------------------------------------------------------------


/*!40101 SET SQL_MODE=@OLD_SQL_MODE */;
/*!40014 SET FOREIGN_KEY_CHECKS=@OLD_FOREIGN_KEY_CHECKS */;
/*!40101 SET CHARACTER_SET_CLIENT=@OLD_CHARACTER_SET_CLIENT */;
/*!40101 SET CHARACTER_SET_RESULTS=@OLD_CHARACTER_SET_RESULTS */;
/*!40101 SET COLLATION_CONNECTION=@OLD_COLLATION_CONNECTION */;
-- ---------------------------------------------------------


